Workbook

Sheet total rtp
A1: 取几 | B1: 几格 | C1: 原始几率 | D1: 额外倍率几率 | E1: 出现几率 | F1: 重复几格 | G1: 总球数 | H1: 额外倍率 | I1: 原始倍率 | J1: RTP占比 | L1: 总可能 | M1: =COMBIN(G2,5) -> 142506
A2: 9 | B2: 3 | C2: {=INDEX('rtp before multiplier'!H:H,MATCH(1,('rtp before multiplier'!A:A='total rtp'!A2)*('rtp before multiplier'!B:B='total rtp'!B2),0))} -> 0.10742517 | D2: =COMBIN(G2-B2,5-F2)*COMBIN(B2,F2)/$M$1 -> 0.56650246 | E2: =C2*D2 -> 0.060856623 | F2: 0 | G2: 30 | H2: =VLOOKUP(F2,$O$3:$P$8,2,FALSE) -> 1 | I2: 2 | J2: =C2*D2*H2*I2 -> 0.12171325 | K2: =SUM(J2:J35) -> 0.62452039
A3: 9 | B3: 3 | C3: {=INDEX('rtp before multiplier'!H:H,MATCH(1,('rtp before multiplier'!A:A='total rtp'!A3)*('rtp before multiplier'!B:B='total rtp'!B3),0))} -> 0.10742517 | D3: =COMBIN(G3-B3,5-F3)*COMBIN(B3,F3)/$M$1 -> 0.36945813 | E3: =C3*D3 -> 0.039689102 | F3: 1 | G3: 30 | H3: =VLOOKUP(F3,$O$3:$P$8,2,FALSE) -> 2.76 | I3: 2 | J3: =C3*D3*H3*I3 -> 0.21908384 | M3: =SUM(J2:J35) -> 0.62452039 | O3: 0 | P3: =1 -> 1
A4: 9 | B4: 3 | C4: {=INDEX('rtp before multiplier'!H:H,MATCH(1,('rtp before multiplier'!A:A='total rtp'!A4)*('rtp before multiplier'!B:B='total rtp'!B4),0))} -> 0.10742517 | D4: =COMBIN(G4-B4,5-F4)*COMBIN(B4,F4)/$M$1 -> 0.061576355 | E4: =C4*D4 -> 0.0066148503 | F4: 2 | G4: 30 | H4: =VLOOKUP(F4,$O$3:$P$8,2,FALSE) -> 7.6176 | I4: 2 | J4: =C4*D4*H4*I4 -> 0.10077857 | O4: 1 | P4: =multipier!I1 -> 2.76
A5: 9 | B5: 3 | C5: {=INDEX('rtp before multiplier'!H:H,MATCH(1,('rtp before multiplier'!A:A='total rtp'!A5)*('rtp before multiplier'!B:B='total rtp'!B5),0))} -> 0.10742517 | D5: =COMBIN(G5-B5,5-F5)*COMBIN(B5,F5)/$M$1 -> 0.0024630542 | E5: =C5*D5 -> 0.00026459401 | F5: 3 | G5: 30 | H5: =VLOOKUP(F5,$O$3:$P$8,2,FALSE) -> 21.024576 | I5: 2 | J5: =C5*D5*H5*I5 -> 0.011125954 | O5: 2 | P5: =multipier!P1 -> 7.6176
A6: 9 | B6: 5 | C6: {=INDEX('rtp before multiplier'!H:H,MATCH(1,('rtp before multiplier'!A:A='total rtp'!A6)*('rtp before multiplier'!B:B='total rtp'!B6),0))} -> 0.0073756828 | D6: =COMBIN(G6-B6,5-F6)*COMBIN(B6,F6)/$M$1 -> 0.37282641 | E6: =C6*D6 -> 0.0027498493 | F6: 0 | G6: 30 | H6: =VLOOKUP(F6,$O$3:$P$8,2,FALSE) -> 1 | I6: 5 | J6: =C6*D6*H6*I6 -> 0.013749247 | O6: 3 | P6: =multipier!X1 -> 21.024576
A7: 9 | B7: 5 | C7: {=INDEX('rtp before multiplier'!H:H,MATCH(1,('rtp before multiplier'!A:A='total rtp'!A7)*('rtp before multiplier'!B:B='total rtp'!B7),0))} -> 0.0073756828 | D7: =COMBIN(G7-B7,5-F7)*COMBIN(B7,F7)/$M$1 -> 0.44384096 | E7: =C7*D7 -> 0.0032736301 | F7: 1 | G7: 30 | H7: =VLOOKUP(F7,$O$3:$P$8,2,FALSE) -> 2.76 | I7: 5 | J7: =C7*D7*H7*I7 -> 0.045176096 | O7: 4 | P7: =multipier!AG1 -> 58.02783
A8: 9 | B8: 5 | C8: {=INDEX('rtp before multiplier'!H:H,MATCH(1,('rtp before multiplier'!A:A='total rtp'!A8)*('rtp before multiplier'!B:B='total rtp'!B8),0))} -> 0.0073756828 | D8: =COMBIN(G8-B8,5-F8)*COMBIN(B8,F8)/$M$1 -> 0.16139671 | E8: =C8*D8 -> 0.001190411 | F8: 2 | G8: 30 | H8: =VLOOKUP(F8,$O$3:$P$8,2,FALSE) -> 7.6176 | I8: 5 | J8: =C8*D8*H8*I8 -> 0.045340373 | O8: 5 | P8: =multipier!AQ1 -> 160.15681
A9: 9 | B9: 5 | C9: {=INDEX('rtp before multiplier'!H:H,MATCH(1,('rtp before multiplier'!A:A='total rtp'!A9)*('rtp before multiplier'!B:B='total rtp'!B9),0))} -> 0.0073756828 | D9: =COMBIN(G9-B9,5-F9)*COMBIN(B9,F9)/$M$1 -> 0.021051745 | E9: =C9*D9 -> 0.00015527099 | F9: 3 | G9: 30 | H9: =VLOOKUP(F9,$O$3:$P$8,2,FALSE) -> 21.024576 | I9: 5 | J9: =C9*D9*H9*I9 -> 0.016322534
A10: 9 | B10: 5 | C10: {=INDEX('rtp before multiplier'!H:H,MATCH(1,('rtp before multiplier'!A:A='total rtp'!A10)*('rtp before multiplier'!B:B='total rtp'!B10),0))} -> 0.0073756828 | D10: =COMBIN(G10-B10,5-F10)*COMBIN(B10,F10)/$M$1 -> 0.00087715605 | E10: =C10*D10 -> 6.4696248e-06 | F10: 4 | G10: 30 | H10: =VLOOKUP(F10,$O$3:$P$8,2,FALSE) -> 58.02783 | I10: 5 | J10: =C10*D10*H10*I10 -> 0.0018770914 | P10: rtp | Q10: prababilty | R10: hitrate | T10: total rtp | V10: total hitrate
A11: 9 | B11: 5 | C11: {=INDEX('rtp before multiplier'!H:H,MATCH(1,('rtp before multiplier'!A:A='total rtp'!A11)*('rtp before multiplier'!B:B='total rtp'!B11),0))} -> 0.0073756828 | D11: =COMBIN(G11-B11,5-F11)*COMBIN(B11,F11)/$M$1 -> 7.0172484e-06 | E11: =C11*D11 -> 5.1756998e-08 | F11: 5 | G11: 30 | H11: =VLOOKUP(F11,$O$3:$P$8,2,FALSE) -> 160.15681 | I11: 5 | J11: =C11*D11*H11*I11 -> 4.1446179e-05 | O11: 9 | P11: =$K$2 -> 0.62452039 | Q11: =22/31 -> 0.70967742 | R11: =1-'rtp before multiplier'!H2 -> 0.1156361 | T11: =SUMPRODUCT(P11:P15,Q11:Q15) -> 0.96103893 | V11: =SUMPRODUCT(R11:R15,Q11:Q15) -> 0.14630904
A12: 9 | B12: 6 | C12: {=INDEX('rtp before multiplier'!H:H,MATCH(1,('rtp before multiplier'!A:A='total rtp'!A12)*('rtp before multiplier'!B:B='total rtp'!B12),0))} -> 0.00055776308 | D12: =COMBIN(G12-B12,5-F12)*COMBIN(B12,F12)/$M$1 -> 0.29826113 | E12: =C12*D12 -> 0.00016635904 | F12: 0 | G12: 30 | H12: =VLOOKUP(F12,$O$3:$P$8,2,FALSE) -> 1 | I12: 5 | J12: =C12*D12*H12*I12 -> 0.00083179522 | O12: 10 | P12: =$K$36 -> 0.98794165 | Q12: =9/31*0.3 -> 0.087096774 | R12: =1-'rtp before multiplier'!H9 -> 0.16029528
A13: 9 | B13: 6 | C13: {=INDEX('rtp before multiplier'!H:H,MATCH(1,('rtp before multiplier'!A:A='total rtp'!A13)*('rtp before multiplier'!B:B='total rtp'!B13),0))} -> 0.00055776308 | D13: =COMBIN(G13-B13,5-F13)*COMBIN(B13,F13)/$M$1 -> 0.44739169 | E13: =C13*D13 -> 0.00024953856 | F13: 1 | G13: 30 | H13: =VLOOKUP(F13,$O$3:$P$8,2,FALSE) -> 2.76 | I13: 5 | J13: =C13*D13*H13*I13 -> 0.0034436322 | O13: 11 | P13: =$K$70 -> 1.5511061 | Q13: =9/31*0.4 -> 0.11612903 | R13: =1-'rtp before multiplier'!H16 -> 0.21266411
A14: 9 | B14: 6 | C14: {=INDEX('rtp before multiplier'!H:H,MATCH(1,('rtp before multiplier'!A:A='total rtp'!A14)*('rtp before multiplier'!B:B='total rtp'!B14),0))} -> 0.00055776308 | D14: =COMBIN(G14-B14,5-F14)*COMBIN(B14,F14)/$M$1 -> 0.21304366 | E14: =C14*D14 -> 0.00011882789 | F14: 2 | G14: 30 | H14: =VLOOKUP(F14,$O$3:$P$8,2,FALSE) -> 7.6176 | I14: 5 | J14: =C14*D14*H14*I14 -> 0.0045259166 | O14: 12 | P14: =K104 -> 2.4308871 | Q14: =9/31*0.2 -> 0.058064516 | R14: =1-'rtp before multiplier'!H23 -> 0.27202421
A15: 9 | B15: 6 | C15: {=INDEX('rtp before multiplier'!H:H,MATCH(1,('rtp before multiplier'!A:A='total rtp'!A15)*('rtp before multiplier'!B:B='total rtp'!B15),0))} -> 0.00055776308 | D15: =COMBIN(G15-B15,5-F15)*COMBIN(B15,F15)/$M$1 -> 0.038735211 | E15: =C15*D15 -> 2.1605071e-05 | F15: 3 | G15: 30 | H15: =VLOOKUP(F15,$O$3:$P$8,2,FALSE) -> 21.024576 | I15: 5 | J15: =C15*D15*H15*I15 -> 0.0022711872 | O15: 13 | P15: =K138 -> 3.8063745 | Q15: =9/31*0.1 -> 0.029032258 | R15: =1-'rtp before multiplier'!H30 -> 0.33728279
A16: 9 | B16: 6 | C16: {=INDEX('rtp before multiplier'!H:H,MATCH(1,('rtp before multiplier'!A:A='total rtp'!A16)*('rtp before multiplier'!B:B='total rtp'!B16),0))} -> 0.00055776308 | D16: =COMBIN(G16-B16,5-F16)*COMBIN(B16,F16)/$M$1 -> 0.0025262094 | E16: =C16*D16 -> 1.4090263e-06 | F16: 4 | G16: 30 | H16: =VLOOKUP(F16,$O$3:$P$8,2,FALSE) -> 58.02783 | I16: 5 | J16: =C16*D16*H16*I16 -> 0.0004088137
A17: 9 | B17: 6 | C17: {=INDEX('rtp before multiplier'!H:H,MATCH(1,('rtp before multiplier'!A:A='total rtp'!A17)*('rtp before multiplier'!B:B='total rtp'!B17),0))} -> 0.00055776308 | D17: =COMBIN(G17-B17,5-F17)*COMBIN(B17,F17)/$M$1 -> 4.210349e-05 | E17: =C17*D17 -> 2.3483772e-08 | F17: 5 | G17: 30 | H17: =VLOOKUP(F17,$O$3:$P$8,2,FALSE) -> 160.15681 | I17: 5 | J17: =C17*D17*H17*I17 -> 1.880543e-05
A18: 9 | B18: 7 | C18: {=INDEX('rtp before multiplier'!H:H,MATCH(1,('rtp before multiplier'!A:A='total rtp'!A18)*('rtp before multiplier'!B:B='total rtp'!B18),0))} -> 0.00026420356 | D18: =COMBIN(G18-B18,5-F18)*COMBIN(B18,F18)/$M$1 -> 0.23612339 | E18: =C18*D18 -> 6.2384641e-05 | F18: 0 | G18: 30 | H18: =VLOOKUP(F18,$O$3:$P$8,2,FALSE) -> 1 | I18: 25 | J18: =C18*D18*H18*I18 -> 0.001559616
A19: 9 | B19: 7 | C19: {=INDEX('rtp before multiplier'!H:H,MATCH(1,('rtp before multiplier'!A:A='total rtp'!A19)*('rtp before multiplier'!B:B='total rtp'!B19),0))} -> 0.00026420356 | D19: =COMBIN(G19-B19,5-F19)*COMBIN(B19,F19)/$M$1 -> 0.43496414 | E19: =C19*D19 -> 0.00011491908 | F19: 1 | G19: 30 | H19: =VLOOKUP(F19,$O$3:$P$8,2,FALSE) -> 2.76 | I19: 25 | J19: =C19*D19*H19*I19 -> 0.0079294162
A20: 9 | B20: 7 | C20: {=INDEX('rtp before multiplier'!H:H,MATCH(1,('rtp before multiplier'!A:A='total rtp'!A20)*('rtp before multiplier'!B:B='total rtp'!B20),0))} -> 0.00026420356 | D20: =COMBIN(G20-B20,5-F20)*COMBIN(B20,F20)/$M$1 -> 0.26097849 | E20: =C20*D20 -> 6.8951446e-05 | F20: 2 | G20: 30 | H20: =VLOOKUP(F20,$O$3:$P$8,2,FALSE) -> 7.6176 | I20: 25 | J20: =C20*D20*H20*I20 -> 0.013131113
A21: 9 | B21: 7 | C21: {=INDEX('rtp before multiplier'!H:H,MATCH(1,('rtp before multiplier'!A:A='total rtp'!A21)*('rtp before multiplier'!B:B='total rtp'!B21),0))} -> 0.00026420356 | D21: =COMBIN(G21-B21,5-F21)*COMBIN(B21,F21)/$M$1 -> 0.062137735 | E21: =C21*D21 -> 1.6417011e-05 | F21: 3 | G21: 30 | H21: =VLOOKUP(F21,$O$3:$P$8,2,FALSE) -> 21.024576 | I21: 25 | J21: =C21*D21*H21*I21 -> 0.0086290173
A22: 9 | B22: 7 | C22: {=INDEX('rtp before multiplier'!H:H,MATCH(1,('rtp before multiplier'!A:A='total rtp'!A22)*('rtp before multiplier'!B:B='total rtp'!B22),0))} -> 0.00026420356 | D22: =COMBIN(G22-B22,5-F22)*COMBIN(B22,F22)/$M$1 -> 0.005648885 | E22: =C22*D22 -> 1.4924555e-06 | F22: 4 | G22: 30 | H22: =VLOOKUP(F22,$O$3:$P$8,2,FALSE) -> 58.02783 | I22: 25 | J22: =C22*D22*H22*I22 -> 0.0021650989
A23: 9 | B23: 7 | C23: {=INDEX('rtp before multiplier'!H:H,MATCH(1,('rtp before multiplier'!A:A='total rtp'!A23)*('rtp before multiplier'!B:B='total rtp'!B23),0))} -> 0.00026420356 | D23: =COMBIN(G23-B23,5-F23)*COMBIN(B23,F23)/$M$1 -> 0.00014736222 | E23: =C23*D23 -> 3.8933623e-08 | F23: 5 | G23: 30 | H23: =VLOOKUP(F23,$O$3:$P$8,2,FALSE) -> 160.15681 | I23: 25 | J23: =C23*D23*H23*I23 -> 0.00015588712
A24: 9 | B24: 8 | C24: {=INDEX('rtp before multiplier'!H:H,MATCH(1,('rtp before multiplier'!A:A='total rtp'!A24)*('rtp before multiplier'!B:B='total rtp'!B24),0))} -> 1.3210178e-05 | D24: =COMBIN(G24-B24,5-F24)*COMBIN(B24,F24)/$M$1 -> 0.18479222 | E24: =C24*D24 -> 2.4411381e-06 | F24: 0 | G24: 30 | H24: =VLOOKUP(F24,$O$3:$P$8,2,FALSE) -> 1 | I24: 50 | J24: =C24*D24*H24*I24 -> 0.00012205691
A25: 9 | B25: 8 | C25: {=INDEX('rtp before multiplier'!H:H,MATCH(1,('rtp before multiplier'!A:A='total rtp'!A25)*('rtp before multiplier'!B:B='total rtp'!B25),0))} -> 1.3210178e-05 | D25: =COMBIN(G25-B25,5-F25)*COMBIN(B25,F25)/$M$1 -> 0.41064938 | E25: =C25*D25 -> 5.4247514e-06 | F25: 1 | G25: 30 | H25: =VLOOKUP(F25,$O$3:$P$8,2,FALSE) -> 2.76 | I25: 50 | J25: =C25*D25*H25*I25 -> 0.00074861569
A26: 9 | B26: 8 | C26: {=INDEX('rtp before multiplier'!H:H,MATCH(1,('rtp before multiplier'!A:A='total rtp'!A26)*('rtp before multiplier'!B:B='total rtp'!B26),0))} -> 1.3210178e-05 | D26: =COMBIN(G26-B26,5-F26)*COMBIN(B26,F26)/$M$1 -> 0.30258375 | E26: =C26*D26 -> 3.9971852e-06 | F26: 2 | G26: 30 | H26: =VLOOKUP(F26,$O$3:$P$8,2,FALSE) -> 7.6176 | I26: 50 | J26: =C26*D26*H26*I26 -> 0.0015224479
A27: 9 | B27: 8 | C27: {=INDEX('rtp before multiplier'!H:H,MATCH(1,('rtp before multiplier'!A:A='total rtp'!A27)*('rtp before multiplier'!B:B='total rtp'!B27),0))} -> 1.3210178e-05 | D27: =COMBIN(G27-B27,5-F27)*COMBIN(B27,F27)/$M$1 -> 0.090775125 | E27: =C27*D27 -> 1.1991556e-06 | F27: 3 | G27: 30 | H27: =VLOOKUP(F27,$O$3:$P$8,2,FALSE) -> 21.024576 | I27: 50 | J27: =C27*D27*H27*I27 -> 0.0012605869
... A34: 9 | B34: 9 | C34: {=INDEX('rtp before multiplier'!H:H,MATCH(1,('rtp before multiplier'!A:A='total rtp'!A34)*('rtp before multiplier'!B:B='total rtp'!B34),0))} -> 6.9895122e-08 | D34: =COMBIN(G34-B34,5-F34)*COMBIN(B34,F34)/$M$1 -> 0.018567639 | E34: =C34*D34 -> 1.2977874e-09 | F34: 4 | G34: 30 | H34: =VLOOKUP(F34,$O$3:$P$8,2,FALSE) -> 58.02783 | I34: 250 | J34: =C34*D34*H34*I34 -> 1.8826947e-05
A35: 9 | B35: 9 | C35: {=INDEX('rtp before multiplier'!H:H,MATCH(1,('rtp before multiplier'!A:A='total rtp'!A35)*('rtp before multiplier'!B:B='total rtp'!B35),0))} -> 6.9895122e-08 | D35: =COMBIN(G35-B35,5-F35)*COMBIN(B35,F35)/$M$1 -> 0.0008841733 | E35: =C35*D35 -> 6.1799401e-11 | F35: 5 | G35: 30 | H35: =VLOOKUP(F35,$O$3:$P$8,2,FALSE) -> 160.15681 | I35: 250 | J35: =C35*D35*H35*I35 -> 2.4743987e-06 | L35: =D35*C35 -> 6.1799401e-11 | M35: =1/L35 -> 1.6181387e+10
A36: 10 | B36: 3 | C36: {=INDEX('rtp before multiplier'!H:H,MATCH(1,('rtp before multiplier'!A:A='total rtp'!A36)*('rtp before multiplier'!B:B='total rtp'!B36),0))} -> 0.14417606 | D36: =COMBIN(G36-B36,5-F36)*COMBIN(B36,F36)/$M$1 -> 0.56650246 | E36: =C36*D36 -> 0.081676095 | F36: 0 | G36: 30 | H36: =VLOOKUP(F36,$O$3:$P$8,2,FALSE) -> 1 | I36: 2 | J36: =C36*D36*H36*I36 -> 0.16335219 | K36: =SUM(J36:J69) -> 0.98794165
A37: 10 | B37: 3 | C37: {=INDEX('rtp before multiplier'!H:H,MATCH(1,('rtp before multiplier'!A:A='total rtp'!A37)*('rtp before multiplier'!B:B='total rtp'!B37),0))} -> 0.14417606 | D37: =COMBIN(G37-B37,5-F37)*COMBIN(B37,F37)/$M$1 -> 0.36945813 | E37: =C37*D37 -> 0.053267019 | F37: 1 | G37: 30 | H37: =VLOOKUP(F37,$O$3:$P$8,2,FALSE) -> 2.76 | I37: 2 | J37: =C37*D37*H37*I37 -> 0.29403394
A38: 10 | B38: 3 | C38: {=INDEX('rtp before multiplier'!H:H,MATCH(1,('rtp before multiplier'!A:A='total rtp'!A38)*('rtp before multiplier'!B:B='total rtp'!B38),0))} -> 0.14417606 | D38: =COMBIN(G38-B38,5-F38)*COMBIN(B38,F38)/$M$1 -> 0.061576355 | E38: =C38*D38 -> 0.0088778364 | F38: 2 | G38: 30 | H38: =VLOOKUP(F38,$O$3:$P$8,2,FALSE) -> 7.6176 | I38: 2 | J38: =C38*D38*H38*I38 -> 0.13525561
A39: 10 | B39: 3 | C39: {=INDEX('rtp before multiplier'!H:H,MATCH(1,('rtp before multiplier'!A:A='total rtp'!A39)*('rtp before multiplier'!B:B='total rtp'!B39),0))} -> 0.14417606 | D39: =COMBIN(G39-B39,5-F39)*COMBIN(B39,F39)/$M$1 -> 0.0024630542 | E39: =C39*D39 -> 0.00035511346 | F39: 3 | G39: 30 | H39: =VLOOKUP(F39,$O$3:$P$8,2,FALSE) -> 21.024576 | I39: 2 | J39: =C39*D39*H39*I39 -> 0.01493222
A40: 10 | B40: 5 | C40: {=INDEX('rtp before multiplier'!H:H,MATCH(1,('rtp before multiplier'!A:A='total rtp'!A40)*('rtp before multiplier'!B:B='total rtp'!B40),0))} -> 0.014063598 | D40: =COMBIN(G40-B40,5-F40)*COMBIN(B40,F40)/$M$1 -> 0.37282641 | E40: =C40*D40 -> 0.0052432806 | F40: 0 | G40: 30 | H40: =VLOOKUP(F40,$O$3:$P$8,2,FALSE) -> 1 | I40: 5 | J40: =C40*D40*H40*I40 -> 0.026216403
A41: 10 | B41: 5 | C41: {=INDEX('rtp before multiplier'!H:H,MATCH(1,('rtp before multiplier'!A:A='total rtp'!A41)*('rtp before multiplier'!B:B='total rtp'!B41),0))} -> 0.014063598 | D41: =COMBIN(G41-B41,5-F41)*COMBIN(B41,F41)/$M$1 -> 0.44384096 | E41: =C41*D41 -> 0.0062420007 | F41: 1 | G41: 30 | H41: =VLOOKUP(F41,$O$3:$P$8,2,FALSE) -> 2.76 | I41: 5 | J41: =C41*D41*H41*I41 -> 0.086139609
A42: 10 | B42: 5 | C42: {=INDEX('rtp before multiplier'!H:H,MATCH(1,('rtp before multiplier'!A:A='total rtp'!A42)*('rtp before multiplier'!B:B='total rtp'!B42),0))} -> 0.014063598 | D42: =COMBIN(G42-B42,5-F42)*COMBIN(B42,F42)/$M$1 -> 0.16139671 | E42: =C42*D42 -> 0.0022698184 | F42: 2 | G42: 30 | H42: =VLOOKUP(F42,$O$3:$P$8,2,FALSE) -> 7.6176 | I42: 5 | J42: =C42*D42*H42*I42 -> 0.086452844
A43: 10 | B43: 5 | C43: {=INDEX('rtp before multiplier'!H:H,MATCH(1,('rtp before multiplier'!A:A='total rtp'!A43)*('rtp before multiplier'!B:B='total rtp'!B43),0))} -> 0.014063598 | D43: =COMBIN(G43-B43,5-F43)*COMBIN(B43,F43)/$M$1 -> 0.021051745 | E43: =C43*D43 -> 0.00029606327 | F43: 3 | G43: 30 | H43: =VLOOKUP(F43,$O$3:$P$8,2,FALSE) -> 21.024576 | I43: 5 | J43: =C43*D43*H43*I43 -> 0.031123024
A44: 10 | B44: 5 | C44: {=INDEX('rtp before multiplier'!H:H,MATCH(1,('rtp before multiplier'!A:A='total rtp'!A44)*('rtp before multiplier'!B:B='total rtp'!B44),0))} -> 0.014063598 | D44: =COMBIN(G44-B44,5-F44)*COMBIN(B44,F44)/$M$1 -> 0.00087715605 | E44: =C44*D44 -> 1.233597e-05 | F44: 4 | G44: 30 | H44: =VLOOKUP(F44,$O$3:$P$8,2,FALSE) -> 58.02783 | I44: 5 | J44: =C44*D44*H44*I44 -> 0.0035791477
A45: 10 | B45: 5 | C45: {=INDEX('rtp before multiplier'!H:H,MATCH(1,('rtp before multiplier'!A:A='total rtp'!A45)*('rtp before multiplier'!B:B='total rtp'!B45),0))} -> 0.014063598 | D45: =COMBIN(G45-B45,5-F45)*COMBIN(B45,F45)/$M$1 -> 7.0172484e-06 | E45: =C45*D45 -> 9.8687758e-08 | F45: 5 | G45: 30 | H45: =VLOOKUP(F45,$O$3:$P$8,2,FALSE) -> 160.15681 | I45: 5 | J45: =C45*D45*H45*I45 -> 7.9027582e-05
A46: 10 | B46: 6 | C46: {=INDEX('rtp before multiplier'!H:H,MATCH(1,('rtp before multiplier'!A:A='total rtp'!A46)*('rtp before multiplier'!B:B='total rtp'!B46),0))} -> 0.0011952066 | D46: =COMBIN(G46-B46,5-F46)*COMBIN(B46,F46)/$M$1 -> 0.29826113 | E46: =C46*D46 -> 0.00035648366 | F46: 0 | G46: 30 | H46: =VLOOKUP(F46,$O$3:$P$8,2,FALSE) -> 1 | I46: 5 | J46: =C46*D46*H46*I46 -> 0.0017824183
A47: 10 | B47: 6 | C47: {=INDEX('rtp before multiplier'!H:H,MATCH(1,('rtp before multiplier'!A:A='total rtp'!A47)*('rtp before multiplier'!B:B='total rtp'!B47),0))} -> 0.0011952066 | D47: =COMBIN(G47-B47,5-F47)*COMBIN(B47,F47)/$M$1 -> 0.44739169 | E47: =C47*D47 -> 0.0005347255 | F47: 1 | G47: 30 | H47: =VLOOKUP(F47,$O$3:$P$8,2,FALSE) -> 2.76 | I47: 5 | J47: =C47*D47*H47*I47 -> 0.0073792118
A48: 10 | B48: 6 | C48: {=INDEX('rtp before multiplier'!H:H,MATCH(1,('rtp before multiplier'!A:A='total rtp'!A48)*('rtp before multiplier'!B:B='total rtp'!B48),0))} -> 0.0011952066 | D48: =COMBIN(G48-B48,5-F48)*COMBIN(B48,F48)/$M$1 -> 0.21304366 | E48: =C48*D48 -> 0.00025463119 | F48: 2 | G48: 30 | H48: =VLOOKUP(F48,$O$3:$P$8,2,FALSE) -> 7.6176 | I48: 5 | J48: =C48*D48*H48*I48 -> 0.0096983927
... A69: 10 | B69: 9 | C69: {=INDEX('rtp before multiplier'!H:H,MATCH(1,('rtp before multiplier'!A:A='total rtp'!A69)*('rtp before multiplier'!B:B='total rtp'!B69),0))} -> 6.9895122e-07 | D69: =COMBIN(G69-B69,5-F69)*COMBIN(B69,F69)/$M$1 -> 0.0008841733 | E69: =C69*D69 -> 6.1799401e-10 | F69: 5 | G69: 30 | H69: =VLOOKUP(F69,$O$3:$P$8,2,FALSE) -> 160.15681 | I69: 250 | J69: =C69*D69*H69*I69 -> 2.4743987e-05
A70: 11 | B70: 3 | C70: {=INDEX('rtp before multiplier'!H:H,MATCH(1,('rtp before multiplier'!A:A='total rtp'!A70)*('rtp before multiplier'!B:B='total rtp'!B70),0))} -> 0.18391156 | D70: =COMBIN(G70-B70,5-F70)*COMBIN(B70,F70)/$M$1 -> 0.56650246 | E70: =C70*D70 -> 0.10418635 | F70: 0 | G70: 30 | H70: =VLOOKUP(F70,$O$3:$P$8,2,FALSE) -> 1 | I70: 2 | J70: =C70*D70*H70*I70 -> 0.2083727 | K70: =SUM(J70:J103) -> 1.5511061
A71: 11 | B71: 3 | C71: {=INDEX('rtp before multiplier'!H:H,MATCH(1,('rtp before multiplier'!A:A='total rtp'!A71)*('rtp before multiplier'!B:B='total rtp'!B71),0))} -> 0.18391156 | D71: =COMBIN(G71-B71,5-F71)*COMBIN(B71,F71)/$M$1 -> 0.36945813 | E71: =C71*D71 -> 0.067947621 | F71: 1 | G71: 30 | H71: =VLOOKUP(F71,$O$3:$P$8,2,FALSE) -> 2.76 | I71: 2 | J71: =C71*D71*H71*I71 -> 0.37507087
A72: 11 | B72: 3 | C72: {=INDEX('rtp before multiplier'!H:H,MATCH(1,('rtp before multiplier'!A:A='total rtp'!A72)*('rtp before multiplier'!B:B='total rtp'!B72),0))} -> 0.18391156 | D72: =COMBIN(G72-B72,5-F72)*COMBIN(B72,F72)/$M$1 -> 0.061576355 | E72: =C72*D72 -> 0.011324603 | F72: 2 | G72: 30 | H72: =VLOOKUP(F72,$O$3:$P$8,2,FALSE) -> 7.6176 | I72: 2 | J72: =C72*D72*H72*I72 -> 0.1725326
A73: 11 | B73: 3 | C73: {=INDEX('rtp before multiplier'!H:H,MATCH(1,('rtp before multiplier'!A:A='total rtp'!A73)*('rtp before multiplier'!B:B='total rtp'!B73),0))} -> 0.18391156 | D73: =COMBIN(G73-B73,5-F73)*COMBIN(B73,F73)/$M$1 -> 0.0024630542 | E73: =C73*D73 -> 0.00045298414 | F73: 3 | G73: 30 | H73: =VLOOKUP(F73,$O$3:$P$8,2,FALSE) -> 21.024576 | I73: 2 | J73: =C73*D73*H73*I73 -> 0.019047599
A74: 11 | B74: 5 | C74: {=INDEX('rtp before multiplier'!H:H,MATCH(1,('rtp before multiplier'!A:A='total rtp'!A74)*('rtp before multiplier'!B:B='total rtp'!B74),0))} -> 0.024322454 | D74: =COMBIN(G74-B74,5-F74)*COMBIN(B74,F74)/$M$1 -> 0.37282641 | E74: =C74*D74 -> 0.0090680532 | F74: 0 | G74: 30 | H74: =VLOOKUP(F74,$O$3:$P$8,2,FALSE) -> 1 | I74: 5 | J74: =C74*D74*H74*I74 -> 0.045340266
A75: 11 | B75: 5 | C75: {=INDEX('rtp before multiplier'!H:H,MATCH(1,('rtp before multiplier'!A:A='total rtp'!A75)*('rtp before multiplier'!B:B='total rtp'!B75),0))} -> 0.024322454 | D75: =COMBIN(G75-B75,5-F75)*COMBIN(B75,F75)/$M$1 -> 0.44384096 | E75: =C75*D75 -> 0.010795301 | F75: 1 | G75: 30 | H75: =VLOOKUP(F75,$O$3:$P$8,2,FALSE) -> 2.76 | I75: 5 | J75: =C75*D75*H75*I75 -> 0.14897516
A76: 11 | B76: 5 | C76: {=INDEX('rtp before multiplier'!H:H,MATCH(1,('rtp before multiplier'!A:A='total rtp'!A76)*('rtp before multiplier'!B:B='total rtp'!B76),0))} -> 0.024322454 | D76: =COMBIN(G76-B76,5-F76)*COMBIN(B76,F76)/$M$1 -> 0.16139671 | E76: =C76*D76 -> 0.0039255642 | F76: 2 | G76: 30 | H76: =VLOOKUP(F76,$O$3:$P$8,2,FALSE) -> 7.6176 | I76: 5 | J76: =C76*D76*H76*I76 -> 0.14951689
A77: 11 | B77: 5 | C77: {=INDEX('rtp before multiplier'!H:H,MATCH(1,('rtp before multiplier'!A:A='total rtp'!A77)*('rtp before multiplier'!B:B='total rtp'!B77),0))} -> 0.024322454 | D77: =COMBIN(G77-B77,5-F77)*COMBIN(B77,F77)/$M$1 -> 0.021051745 | E77: =C77*D77 -> 0.00051203011 | F77: 3 | G77: 30 | H77: =VLOOKUP(F77,$O$3:$P$8,2,FALSE) -> 21.024576 | I77: 5 | J77: =C77*D77*H77*I77 -> 0.05382608
A78: 11 | B78: 5 | C78: {=INDEX('rtp before multiplier'!H:H,MATCH(1,('rtp before multiplier'!A:A='total rtp'!A78)*('rtp before multiplier'!B:B='total rtp'!B78),0))} -> 0.024322454 | D78: =COMBIN(G78-B78,5-F78)*COMBIN(B78,F78)/$M$1 -> 0.00087715605 | E78: =C78*D78 -> 2.1334588e-05 | F78: 4 | G78: 30 | H78: =VLOOKUP(F78,$O$3:$P$8,2,FALSE) -> 58.02783 | I78: 5 | J78: =C78*D78*H78*I78 -> 0.0061899991
A79: 11 | B79: 5 | C79: {=INDEX('rtp before multiplier'!H:H,MATCH(1,('rtp before multiplier'!A:A='total rtp'!A79)*('rtp before multiplier'!B:B='total rtp'!B79),0))} -> 0.024322454 | D79: =COMBIN(G79-B79,5-F79)*COMBIN(B79,F79)/$M$1 -> 7.0172484e-06 | E79: =C79*D79 -> 1.706767e-07 | F79: 5 | G79: 30 | H79: =VLOOKUP(F79,$O$3:$P$8,2,FALSE) -> 160.15681 | I79: 5 | J79: =C79*D79*H79*I79 -> 0.00013667518
A80: 11 | B80: 6 | C80: {=INDEX('rtp before multiplier'!H:H,MATCH(1,('rtp before multiplier'!A:A='total rtp'!A80)*('rtp before multiplier'!B:B='total rtp'!B80),0))} -> 0.0022350363 | D80: =COMBIN(G80-B80,5-F80)*COMBIN(B80,F80)/$M$1 -> 0.29826113 | E80: =C80*D80 -> 0.00066662445 | F80: 0 | G80: 30 | H80: =VLOOKUP(F80,$O$3:$P$8,2,FALSE) -> 1 | I80: 5 | J80: =C80*D80*H80*I80 -> 0.0033331223
A81: 11 | B81: 6 | C81: {=INDEX('rtp before multiplier'!H:H,MATCH(1,('rtp before multiplier'!A:A='total rtp'!A81)*('rtp before multiplier'!B:B='total rtp'!B81),0))} -> 0.0022350363 | D81: =COMBIN(G81-B81,5-F81)*COMBIN(B81,F81)/$M$1 -> 0.44739169 | E81: =C81*D81 -> 0.00099993668 | F81: 1 | G81: 30 | H81: =VLOOKUP(F81,$O$3:$P$8,2,FALSE) -> 2.76 | I81: 5 | J81: =C81*D81*H81*I81 -> 0.013799126
A82: 11 | B82: 6 | C82: {=INDEX('rtp before multiplier'!H:H,MATCH(1,('rtp before multiplier'!A:A='total rtp'!A82)*('rtp before multiplier'!B:B='total rtp'!B82),0))} -> 0.0022350363 | D82: =COMBIN(G82-B82,5-F82)*COMBIN(B82,F82)/$M$1 -> 0.21304366 | E82: =C82*D82 -> 0.00047616032 | F82: 2 | G82: 30 | H82: =VLOOKUP(F82,$O$3:$P$8,2,FALSE) -> 7.6176 | I82: 5 | J82: =C82*D82*H82*I82 -> 0.018135994
... A103: 11 | B103: 9 | C103: {=INDEX('rtp before multiplier'!H:H,MATCH(1,('rtp before multiplier'!A:A='total rtp'!A103)*('rtp before multiplier'!B:B='total rtp'!B103),0))} -> 3.8442317e-06 | D103: =COMBIN(G103-B103,5-F103)*COMBIN(B103,F103)/$M$1 -> 0.0008841733 | E103: =C103*D103 -> 3.398967e-09 | F103: 5 | G103: 30 | H103: =VLOOKUP(F103,$O$3:$P$8,2,FALSE) -> 160.15681 | I103: 250 | J103: =C103*D103*H103*I103 -> 0.00013609193
A104: 12 | B104: 3 | C104: {=INDEX('rtp before multiplier'!H:H,MATCH(1,('rtp before multiplier'!A:A='total rtp'!A104)*('rtp before multiplier'!B:B='total rtp'!B104),0))} -> 0.22446711 | D104: =COMBIN(G104-B104,5-F104)*COMBIN(B104,F104)/$M$1 -> 0.56650246 | E104: =C104*D104 -> 0.12716117 | F104: 0 | G104: 30 | H104: =VLOOKUP(F104,$O$3:$P$8,2,FALSE) -> 1 | I104: 2 | J104: =C104*D104*H104*I104 -> 0.25432234 | K104: =SUM(J104:J137) -> 2.4308871
A105: 12 | B105: 3 | C105: {=INDEX('rtp before multiplier'!H:H,MATCH(1,('rtp before multiplier'!A:A='total rtp'!A105)*('rtp before multiplier'!B:B='total rtp'!B105),0))} -> 0.22446711 | D105: =COMBIN(G105-B105,5-F105)*COMBIN(B105,F105)/$M$1 -> 0.36945813 | E105: =C105*D105 -> 0.082931197 | F105: 1 | G105: 30 | H105: =VLOOKUP(F105,$O$3:$P$8,2,FALSE) -> 2.76 | I105: 2 | J105: =C105*D105*H105*I105 -> 0.45778021
A106: 12 | B106: 3 | C106: {=INDEX('rtp before multiplier'!H:H,MATCH(1,('rtp before multiplier'!A:A='total rtp'!A106)*('rtp before multiplier'!B:B='total rtp'!B106),0))} -> 0.22446711 | D106: =COMBIN(G106-B106,5-F106)*COMBIN(B106,F106)/$M$1 -> 0.061576355 | E106: =C106*D106 -> 0.013821866 | F106: 2 | G106: 30 | H106: =VLOOKUP(F106,$O$3:$P$8,2,FALSE) -> 7.6176 | I106: 2 | J106: =C106*D106*H106*I106 -> 0.2105789
A107: 12 | B107: 3 | C107: {=INDEX('rtp before multiplier'!H:H,MATCH(1,('rtp before multiplier'!A:A='total rtp'!A107)*('rtp before multiplier'!B:B='total rtp'!B107),0))} -> 0.22446711 | D107: =COMBIN(G107-B107,5-F107)*COMBIN(B107,F107)/$M$1 -> 0.0024630542 | E107: =C107*D107 -> 0.00055287465 | F107: 3 | G107: 30 | H107: =VLOOKUP(F107,$O$3:$P$8,2,FALSE) -> 21.024576 | I107: 2 | J107: =C107*D107*H107*I107 -> 0.02324791
A108: 12 | B108: 5 | C108: {=INDEX('rtp before multiplier'!H:H,MATCH(1,('rtp before multiplier'!A:A='total rtp'!A108)*('rtp before multiplier'!B:B='total rtp'!B108),0))} -> 0.038919881 | D108: =COMBIN(G108-B108,5-F108)*COMBIN(B108,F108)/$M$1 -> 0.37282641 | E108: =C108*D108 -> 0.014510359 | F108: 0 | G108: 30 | H108: =VLOOKUP(F108,$O$3:$P$8,2,FALSE) -> 1 | I108: 5 | J108: =C108*D108*H108*I108 -> 0.072551797
A109: 12 | B109: 5 | C109: {=INDEX('rtp before multiplier'!H:H,MATCH(1,('rtp before multiplier'!A:A='total rtp'!A109)*('rtp before multiplier'!B:B='total rtp'!B109),0))} -> 0.038919881 | D109: =COMBIN(G109-B109,5-F109)*COMBIN(B109,F109)/$M$1 -> 0.44384096 | E109: =C109*D109 -> 0.017274237 | F109: 1 | G109: 30 | H109: =VLOOKUP(F109,$O$3:$P$8,2,FALSE) -> 2.76 | I109: 5 | J109: =C109*D109*H109*I109 -> 0.23838447
A110: 12 | B110: 5 | C110: {=INDEX('rtp before multiplier'!H:H,MATCH(1,('rtp before multiplier'!A:A='total rtp'!A110)*('rtp before multiplier'!B:B='total rtp'!B110),0))} -> 0.038919881 | D110: =COMBIN(G110-B110,5-F110)*COMBIN(B110,F110)/$M$1 -> 0.16139671 | E110: =C110*D110 -> 0.0062815408 | F110: 2 | G110: 30 | H110: =VLOOKUP(F110,$O$3:$P$8,2,FALSE) -> 7.6176 | I110: 5 | J110: =C110*D110*H110*I110 -> 0.23925133
A111: 12 | B111: 5 | C111: {=INDEX('rtp before multiplier'!H:H,MATCH(1,('rtp before multiplier'!A:A='total rtp'!A111)*('rtp before multiplier'!B:B='total rtp'!B111),0))} -> 0.038919881 | D111: =COMBIN(G111-B111,5-F111)*COMBIN(B111,F111)/$M$1 -> 0.021051745 | E111: =C111*D111 -> 0.00081933141 | F111: 3 | G111: 30 | H111: =VLOOKUP(F111,$O$3:$P$8,2,FALSE) -> 21.024576 | I111: 5 | J111: =C111*D111*H111*I111 -> 0.086130478
A112: 12 | B112: 5 | C112: {=INDEX('rtp before multiplier'!H:H,MATCH(1,('rtp before multiplier'!A:A='total rtp'!A112)*('rtp before multiplier'!B:B='total rtp'!B112),0))} -> 0.038919881 | D112: =COMBIN(G112-B112,5-F112)*COMBIN(B112,F112)/$M$1 -> 0.00087715605 | E112: =C112*D112 -> 3.4138809e-05 | F112: 4 | G112: 30 | H112: =VLOOKUP(F112,$O$3:$P$8,2,FALSE) -> 58.02783 | I112: 5 | J112: =C112*D112*H112*I112 -> 0.0099050049
A113: 12 | B113: 5 | C113: {=INDEX('rtp before multiplier'!H:H,MATCH(1,('rtp before multiplier'!A:A='total rtp'!A113)*('rtp before multiplier'!B:B='total rtp'!B113),0))} -> 0.038919881 | D113: =COMBIN(G113-B113,5-F113)*COMBIN(B113,F113)/$M$1 -> 7.0172484e-06 | E113: =C113*D113 -> 2.7311047e-07 | F113: 5 | G113: 30 | H113: =VLOOKUP(F113,$O$3:$P$8,2,FALSE) -> 160.15681 | I113: 5 | J113: =C113*D113*H113*I113 -> 0.00021870251
A114: 12 | B114: 6 | C114: {=INDEX('rtp before multiplier'!H:H,MATCH(1,('rtp before multiplier'!A:A='total rtp'!A114)*('rtp before multiplier'!B:B='total rtp'!B114),0))} -> 0.0037642717 | D114: =COMBIN(G114-B114,5-F114)*COMBIN(B114,F114)/$M$1 -> 0.29826113 | E114: =C114*D114 -> 0.0011227359 | F114: 0 | G114: 30 | H114: =VLOOKUP(F114,$O$3:$P$8,2,FALSE) -> 1 | I114: 5 | J114: =C114*D114*H114*I114 -> 0.0056136796
A115: 12 | B115: 6 | C115: {=INDEX('rtp before multiplier'!H:H,MATCH(1,('rtp before multiplier'!A:A='total rtp'!A115)*('rtp before multiplier'!B:B='total rtp'!B115),0))} -> 0.0037642717 | D115: =COMBIN(G115-B115,5-F115)*COMBIN(B115,F115)/$M$1 -> 0.44739169 | E115: =C115*D115 -> 0.0016841039 | F115: 1 | G115: 30 | H115: =VLOOKUP(F115,$O$3:$P$8,2,FALSE) -> 2.76 | I115: 5 | J115: =C115*D115*H115*I115 -> 0.023240634
A116: 12 | B116: 6 | C116: {=INDEX('rtp before multiplier'!H:H,MATCH(1,('rtp before multiplier'!A:A='total rtp'!A116)*('rtp before multiplier'!B:B='total rtp'!B116),0))} -> 0.0037642717 | D116: =COMBIN(G116-B116,5-F116)*COMBIN(B116,F116)/$M$1 -> 0.21304366 | E116: =C116*D116 -> 0.00080195423 | F116: 2 | G116: 30 | H116: =VLOOKUP(F116,$O$3:$P$8,2,FALSE) -> 7.6176 | I116: 5 | J116: =C116*D116*H116*I116 -> 0.030544833
... A137: 12 | B137: 9 | C137: {=INDEX('rtp before multiplier'!H:H,MATCH(1,('rtp before multiplier'!A:A='total rtp'!A137)*('rtp before multiplier'!B:B='total rtp'!B137),0))} -> 1.5376927e-05 | D137: =COMBIN(G137-B137,5-F137)*COMBIN(B137,F137)/$M$1 -> 0.0008841733 | E137: =C137*D137 -> 1.3595868e-08 | F137: 5 | G137: 30 | H137: =VLOOKUP(F137,$O$3:$P$8,2,FALSE) -> 160.15681 | I137: 250 | J137: =C137*D137*H137*I137 -> 0.00054436772
A138: 13 | B138: 3 | C138: {=INDEX('rtp before multiplier'!H:H,MATCH(1,('rtp before multiplier'!A:A='total rtp'!A138)*('rtp before multiplier'!B:B='total rtp'!B138),0))} -> 0.26331977 | D138: =COMBIN(G138-B138,5-F138)*COMBIN(B138,F138)/$M$1 -> 0.56650246 | E138: =C138*D138 -> 0.1491713 | F138: 0 | G138: 30 | H138: =VLOOKUP(F138,$O$3:$P$8,2,FALSE) -> 1 | I138: 2 | J138: =C138*D138*H138*I138 -> 0.2983426 | K138: =SUM(J138:J171) -> 3.8063745
A139: 13 | B139: 3 | C139: {=INDEX('rtp before multiplier'!H:H,MATCH(1,('rtp before multiplier'!A:A='total rtp'!A139)*('rtp before multiplier'!B:B='total rtp'!B139),0))} -> 0.26331977 | D139: =COMBIN(G139-B139,5-F139)*COMBIN(B139,F139)/$M$1 -> 0.36945813 | E139: =C139*D139 -> 0.097285629 | F139: 1 | G139: 30 | H139: =VLOOKUP(F139,$O$3:$P$8,2,FALSE) -> 2.76 | I139: 2 | J139: =C139*D139*H139*I139 -> 0.53701667
A140: 13 | B140: 3 | C140: {=INDEX('rtp before multiplier'!H:H,MATCH(1,('rtp before multiplier'!A:A='total rtp'!A140)*('rtp before multiplier'!B:B='total rtp'!B140),0))} -> 0.26331977 | D140: =COMBIN(G140-B140,5-F140)*COMBIN(B140,F140)/$M$1 -> 0.061576355 | E140: =C140*D140 -> 0.016214271 | F140: 2 | G140: 30 | H140: =VLOOKUP(F140,$O$3:$P$8,2,FALSE) -> 7.6176 | I140: 2 | J140: =C140*D140*H140*I140 -> 0.24702767
A141: 13 | B141: 3 | C141: {=INDEX('rtp before multiplier'!H:H,MATCH(1,('rtp before multiplier'!A:A='total rtp'!A141)*('rtp before multiplier'!B:B='total rtp'!B141),0))} -> 0.26331977 | D141: =COMBIN(G141-B141,5-F141)*COMBIN(B141,F141)/$M$1 -> 0.0024630542 | E141: =C141*D141 -> 0.00064857086 | F141: 3 | G141: 30 | H141: =VLOOKUP(F141,$O$3:$P$8,2,FALSE) -> 21.024576 | I141: 2 | J141: =C141*D141*H141*I141 -> 0.027271855
A142: 13 | B142: 5 | C142: {=INDEX('rtp before multiplier'!H:H,MATCH(1,('rtp before multiplier'!A:A='total rtp'!A142)*('rtp before multiplier'!B:B='total rtp'!B142),0))} -> 0.058402227 | D142: =COMBIN(G142-B142,5-F142)*COMBIN(B142,F142)/$M$1 -> 0.37282641 | E142: =C142*D142 -> 0.021773893 | F142: 0 | G142: 30 | H142: =VLOOKUP(F142,$O$3:$P$8,2,FALSE) -> 1 | I142: 5 | J142: =C142*D142*H142*I142 -> 0.10886946
A143: 13 | B143: 5 | C143: {=INDEX('rtp before multiplier'!H:H,MATCH(1,('rtp before multiplier'!A:A='total rtp'!A143)*('rtp before multiplier'!B:B='total rtp'!B143),0))} -> 0.058402227 | D143: =COMBIN(G143-B143,5-F143)*COMBIN(B143,F143)/$M$1 -> 0.44384096 | E143: =C143*D143 -> 0.025921301 | F143: 1 | G143: 30 | H143: =VLOOKUP(F143,$O$3:$P$8,2,FALSE) -> 2.76 | I143: 5 | J143: =C143*D143*H143*I143 -> 0.35771395
A144: 13 | B144: 5 | C144: {=INDEX('rtp before multiplier'!H:H,MATCH(1,('rtp before multiplier'!A:A='total rtp'!A144)*('rtp before multiplier'!B:B='total rtp'!B144),0))} -> 0.058402227 | D144: =COMBIN(G144-B144,5-F144)*COMBIN(B144,F144)/$M$1 -> 0.16139671 | E144: =C144*D144 -> 0.0094259276 | F144: 2 | G144: 30 | H144: =VLOOKUP(F144,$O$3:$P$8,2,FALSE) -> 7.6176 | I144: 5 | J144: =C144*D144*H144*I144 -> 0.35901473
A145: 13 | B145: 5 | C145: {=INDEX('rtp before multiplier'!H:H,MATCH(1,('rtp before multiplier'!A:A='total rtp'!A145)*('rtp before multiplier'!B:B='total rtp'!B145),0))} -> 0.058402227 | D145: =COMBIN(G145-B145,5-F145)*COMBIN(B145,F145)/$M$1 -> 0.021051745 | E145: =C145*D145 -> 0.0012294688 | F145: 3 | G145: 30 | H145: =VLOOKUP(F145,$O$3:$P$8,2,FALSE) -> 21.024576 | I145: 5 | J145: =C145*D145*H145*I145 -> 0.1292453
A146: 13 | B146: 5 | C146: {=INDEX('rtp before multiplier'!H:H,MATCH(1,('rtp before multiplier'!A:A='total rtp'!A146)*('rtp before multiplier'!B:B='total rtp'!B146),0))} -> 0.058402227 | D146: =COMBIN(G146-B146,5-F146)*COMBIN(B146,F146)/$M$1 -> 0.00087715605 | E146: =C146*D146 -> 5.1227867e-05 | F146: 4 | G146: 30 | H146: =VLOOKUP(F146,$O$3:$P$8,2,FALSE) -> 58.02783 | I146: 5 | J146: =C146*D146*H146*I146 -> 0.01486321
A147: 13 | B147: 5 | C147: {=INDEX('rtp before multiplier'!H:H,MATCH(1,('rtp before multiplier'!A:A='total rtp'!A147)*('rtp before multiplier'!B:B='total rtp'!B147),0))} -> 0.058402227 | D147: =COMBIN(G147-B147,5-F147)*COMBIN(B147,F147)/$M$1 -> 7.0172484e-06 | E147: =C147*D147 -> 4.0982294e-07 | F147: 5 | G147: 30 | H147: =VLOOKUP(F147,$O$3:$P$8,2,FALSE) -> 160.15681 | I147: 5 | J147: =C147*D147*H147*I147 -> 0.00032817967
A148: 13 | B148: 6 | C148: {=INDEX('rtp before multiplier'!H:H,MATCH(1,('rtp before multiplier'!A:A='total rtp'!A148)*('rtp before multiplier'!B:B='total rtp'!B148),0))} -> 0.0058256586 | D148: =COMBIN(G148-B148,5-F148)*COMBIN(B148,F148)/$M$1 -> 0.29826113 | E148: =C148*D148 -> 0.0017375675 | F148: 0 | G148: 30 | H148: =VLOOKUP(F148,$O$3:$P$8,2,FALSE) -> 1 | I148: 5 | J148: =C148*D148*H148*I148 -> 0.0086878375
A149: 13 | B149: 6 | C149: {=INDEX('rtp before multiplier'!H:H,MATCH(1,('rtp before multiplier'!A:A='total rtp'!A149)*('rtp before multiplier'!B:B='total rtp'!B149),0))} -> 0.0058256586 | D149: =COMBIN(G149-B149,5-F149)*COMBIN(B149,F149)/$M$1 -> 0.44739169 | E149: =C149*D149 -> 0.0026063512 | F149: 1 | G149: 30 | H149: =VLOOKUP(F149,$O$3:$P$8,2,FALSE) -> 2.76 | I149: 5 | J149: =C149*D149*H149*I149 -> 0.035967647
A150: 13 | B150: 6 | C150: {=INDEX('rtp before multiplier'!H:H,MATCH(1,('rtp before multiplier'!A:A='total rtp'!A150)*('rtp before multiplier'!B:B='total rtp'!B150),0))} -> 0.0058256586 | D150: =COMBIN(G150-B150,5-F150)*COMBIN(B150,F150)/$M$1 -> 0.21304366 | E150: =C150*D150 -> 0.0012411196 | F150: 2 | G150: 30 | H150: =VLOOKUP(F150,$O$3:$P$8,2,FALSE) -> 7.6176 | I150: 5 | J150: =C150*D150*H150*I150 -> 0.047271765
... A171: 13 | B171: 9 | C171: {=INDEX('rtp before multiplier'!H:H,MATCH(1,('rtp before multiplier'!A:A='total rtp'!A171)*('rtp before multiplier'!B:B='total rtp'!B171),0))} -> 4.9975012e-05 | D171: =COMBIN(G171-B171,5-F171)*COMBIN(B171,F171)/$M$1 -> 0.0008841733 | E171: =C171*D171 -> 4.4186572e-08 | F171: 5 | G171: 30 | H171: =VLOOKUP(F171,$O$3:$P$8,2,FALSE) -> 160.15681 | I171: 250 | J171: =C171*D171*H171*I171 -> 0.0017691951

Sheet line prabability check
B1: A1 | C1: A2 | D1: A3 | E1: B1 | F1: B2 | G1: B3 | H1: C1 | I1: C2 | J1: C3 | L1: LC | M1: MC | N1: RC | O1: UR | P1: MR | Q1: DR | V1: A1 | W1: A2 | X1: A3 | Y1: B1 | Z1: B2 | AA1: B3 | AB1: C1 | AC1: C2 | AD1: C3
B2: 1 | C2: 1 | D2: 1 | E2: 1 | F2: 1 | G2: 1 | H2: 1 | I2: 1 | J2: 1 | L2: =AND($B2>=$V$2,$C2>=$W$2,$D2>=$X$2,$E2>=$Y$2,$F2>=$Z$2,$G2>=$AA$2,$H2>=$AB$2,$I2>=$AC$2,$J2>=$AD$2) -> TRUE | M2: =AND($B2>=$V$3,$C2>=$W$3,$D2>=$X$3,$E2>=$Y$3,$F2>=$Z$3,$G2>=$AA$3,$H2>=$AB$3,$I2>=$AC$3,$J2>=$AD$3) -> TRUE | N2: =AND($B2>=$V$4,$C2>=$W$4,$D2>=$X$4,$E2>=$Y$4,$F2>=$Z$4,$G2>=$AA$4,$H2>=$AB$4,$I2>=$AC$4,$J2>=$AD$4) -> TRUE | O2: =AND($B2>=$V$5,$C2>=$W$5,$D2>=$X$5,$E2>=$Y$5,$F2>=$Z$5,$G2>=$AA$5,$H2>=$AB$5,$I2>=$AC$5,$J2>=$AD$5) -> TRUE | P2: =AND($B2>=$V$6,$C2>=$W$6,$D2>=$X$6,$E2>=$Y$6,$F2>=$Z$6,$G2>=$AA$6,$H2>=$AB$6,$I2>=$AC$6,$J2>=$AD$6) -> TRUE | Q2: =AND($B2>=$V$7,$C2>=$W$7,$D2>=$X$7,$E2>=$Y$7,$F2>=$Z$7,$G2>=$AA$7,$H2>=$AB$7,$I2>=$AC$7,$J2>=$AD$7) -> TRUE | U2: LC | V2: 1 | W2: 1 | X2: 1
B3: 1 | C3: 1 | D3: 1 | E3: 1 | F3: 1 | G3: 1 | H3: 1 | I3: 1 | J3: 0 | L3: =AND($B3>=$V$2,$C3>=$W$2,$D3>=$X$2,$E3>=$Y$2,$F3>=$Z$2,$G3>=$AA$2,$H3>=$AB$2,$I3>=$AC$2,$J3>=$AD$2) -> TRUE | M3: =AND($B3>=$V$3,$C3>=$W$3,$D3>=$X$3,$E3>=$Y$3,$F3>=$Z$3,$G3>=$AA$3,$H3>=$AB$3,$I3>=$AC$3,$J3>=$AD$3) -> TRUE | N3: =AND($B3>=$V$4,$C3>=$W$4,$D3>=$X$4,$E3>=$Y$4,$F3>=$Z$4,$G3>=$AA$4,$H3>=$AB$4,$I3>=$AC$4,$J3>=$AD$4) -> FALSE | O3: =AND($B3>=$V$5,$C3>=$W$5,$D3>=$X$5,$E3>=$Y$5,$F3>=$Z$5,$G3>=$AA$5,$H3>=$AB$5,$I3>=$AC$5,$J3>=$AD$5) -> TRUE | P3: =AND($B3>=$V$6,$C3>=$W$6,$D3>=$X$6,$E3>=$Y$6,$F3>=$Z$6,$G3>=$AA$6,$H3>=$AB$6,$I3>=$AC$6,$J3>=$AD$6) -> TRUE | Q3: =AND($B3>=$V$7,$C3>=$W$7,$D3>=$X$7,$E3>=$Y$7,$F3>=$Z$7,$G3>=$AA$7,$H3>=$AB$7,$I3>=$AC$7,$J3>=$AD$7) -> FALSE | U3: MC | Y3: 1 | Z3: 1 | AA3: 1
B4: 1 | C4: 1 | D4: 1 | E4: 1 | F4: 1 | G4: 1 | H4: 1 | I4: 0 | J4: 1 | L4: =AND($B4>=$V$2,$C4>=$W$2,$D4>=$X$2,$E4>=$Y$2,$F4>=$Z$2,$G4>=$AA$2,$H4>=$AB$2,$I4>=$AC$2,$J4>=$AD$2) -> TRUE | M4: =AND($B4>=$V$3,$C4>=$W$3,$D4>=$X$3,$E4>=$Y$3,$F4>=$Z$3,$G4>=$AA$3,$H4>=$AB$3,$I4>=$AC$3,$J4>=$AD$3) -> TRUE | N4: =AND($B4>=$V$4,$C4>=$W$4,$D4>=$X$4,$E4>=$Y$4,$F4>=$Z$4,$G4>=$AA$4,$H4>=$AB$4,$I4>=$AC$4,$J4>=$AD$4) -> FALSE | O4: =AND($B4>=$V$5,$C4>=$W$5,$D4>=$X$5,$E4>=$Y$5,$F4>=$Z$5,$G4>=$AA$5,$H4>=$AB$5,$I4>=$AC$5,$J4>=$AD$5) -> TRUE | P4: =AND($B4>=$V$6,$C4>=$W$6,$D4>=$X$6,$E4>=$Y$6,$F4>=$Z$6,$G4>=$AA$6,$H4>=$AB$6,$I4>=$AC$6,$J4>=$AD$6) -> FALSE | Q4: =AND($B4>=$V$7,$C4>=$W$7,$D4>=$X$7,$E4>=$Y$7,$F4>=$Z$7,$G4>=$AA$7,$H4>=$AB$7,$I4>=$AC$7,$J4>=$AD$7) -> TRUE | U4: RC | AB4: 1 | AC4: 1 | AD4: 1
B5: 1 | C5: 1 | D5: 1 | E5: 1 | F5: 1 | G5: 1 | H5: 1 | I5: 0 | J5: 0 | L5: =AND($B5>=$V$2,$C5>=$W$2,$D5>=$X$2,$E5>=$Y$2,$F5>=$Z$2,$G5>=$AA$2,$H5>=$AB$2,$I5>=$AC$2,$J5>=$AD$2) -> TRUE | M5: =AND($B5>=$V$3,$C5>=$W$3,$D5>=$X$3,$E5>=$Y$3,$F5>=$Z$3,$G5>=$AA$3,$H5>=$AB$3,$I5>=$AC$3,$J5>=$AD$3) -> TRUE | N5: =AND($B5>=$V$4,$C5>=$W$4,$D5>=$X$4,$E5>=$Y$4,$F5>=$Z$4,$G5>=$AA$4,$H5>=$AB$4,$I5>=$AC$4,$J5>=$AD$4) -> FALSE | O5: =AND($B5>=$V$5,$C5>=$W$5,$D5>=$X$5,$E5>=$Y$5,$F5>=$Z$5,$G5>=$AA$5,$H5>=$AB$5,$I5>=$AC$5,$J5>=$AD$5) -> TRUE | P5: =AND($B5>=$V$6,$C5>=$W$6,$D5>=$X$6,$E5>=$Y$6,$F5>=$Z$6,$G5>=$AA$6,$H5>=$AB$6,$I5>=$AC$6,$J5>=$AD$6) -> FALSE | Q5: =AND($B5>=$V$7,$C5>=$W$7,$D5>=$X$7,$E5>=$Y$7,$F5>=$Z$7,$G5>=$AA$7,$H5>=$AB$7,$I5>=$AC$7,$J5>=$AD$7) -> FALSE | U5: UR | V5: 1 | Y5: 1 | AB5: 1
B6: 1 | C6: 1 | D6: 1 | E6: 1 | F6: 1 | G6: 1 | H6: 0 | I6: 1 | J6: 1 | L6: =AND($B6>=$V$2,$C6>=$W$2,$D6>=$X$2,$E6>=$Y$2,$F6>=$Z$2,$G6>=$AA$2,$H6>=$AB$2,$I6>=$AC$2,$J6>=$AD$2) -> TRUE | M6: =AND($B6>=$V$3,$C6>=$W$3,$D6>=$X$3,$E6>=$Y$3,$F6>=$Z$3,$G6>=$AA$3,$H6>=$AB$3,$I6>=$AC$3,$J6>=$AD$3) -> TRUE | N6: =AND($B6>=$V$4,$C6>=$W$4,$D6>=$X$4,$E6>=$Y$4,$F6>=$Z$4,$G6>=$AA$4,$H6>=$AB$4,$I6>=$AC$4,$J6>=$AD$4) -> FALSE | O6: =AND($B6>=$V$5,$C6>=$W$5,$D6>=$X$5,$E6>=$Y$5,$F6>=$Z$5,$G6>=$AA$5,$H6>=$AB$5,$I6>=$AC$5,$J6>=$AD$5) -> FALSE | P6: =AND($B6>=$V$6,$C6>=$W$6,$D6>=$X$6,$E6>=$Y$6,$F6>=$Z$6,$G6>=$AA$6,$H6>=$AB$6,$I6>=$AC$6,$J6>=$AD$6) -> TRUE | Q6: =AND($B6>=$V$7,$C6>=$W$7,$D6>=$X$7,$E6>=$Y$7,$F6>=$Z$7,$G6>=$AA$7,$H6>=$AB$7,$I6>=$AC$7,$J6>=$AD$7) -> TRUE | U6: MR | W6: 1 | Z6: 1 | AC6: 1
B7: 1 | C7: 1 | D7: 1 | E7: 1 | F7: 1 | G7: 1 | H7: 0 | I7: 1 | J7: 0 | L7: =AND($B7>=$V$2,$C7>=$W$2,$D7>=$X$2,$E7>=$Y$2,$F7>=$Z$2,$G7>=$AA$2,$H7>=$AB$2,$I7>=$AC$2,$J7>=$AD$2) -> TRUE | M7: =AND($B7>=$V$3,$C7>=$W$3,$D7>=$X$3,$E7>=$Y$3,$F7>=$Z$3,$G7>=$AA$3,$H7>=$AB$3,$I7>=$AC$3,$J7>=$AD$3) -> TRUE | N7: =AND($B7>=$V$4,$C7>=$W$4,$D7>=$X$4,$E7>=$Y$4,$F7>=$Z$4,$G7>=$AA$4,$H7>=$AB$4,$I7>=$AC$4,$J7>=$AD$4) -> FALSE | O7: =AND($B7>=$V$5,$C7>=$W$5,$D7>=$X$5,$E7>=$Y$5,$F7>=$Z$5,$G7>=$AA$5,$H7>=$AB$5,$I7>=$AC$5,$J7>=$AD$5) -> FALSE | P7: =AND($B7>=$V$6,$C7>=$W$6,$D7>=$X$6,$E7>=$Y$6,$F7>=$Z$6,$G7>=$AA$6,$H7>=$AB$6,$I7>=$AC$6,$J7>=$AD$6) -> TRUE | Q7: =AND($B7>=$V$7,$C7>=$W$7,$D7>=$X$7,$E7>=$Y$7,$F7>=$Z$7,$G7>=$AA$7,$H7>=$AB$7,$I7>=$AC$7,$J7>=$AD$7) -> FALSE | U7: DR | X7: 1 | AA7: 1 | AD7: 1
B8: 1 | C8: 1 | D8: 1 | E8: 1 | F8: 1 | G8: 1 | H8: 0 | I8: 0 | J8: 1 | L8: =AND($B8>=$V$2,$C8>=$W$2,$D8>=$X$2,$E8>=$Y$2,$F8>=$Z$2,$G8>=$AA$2,$H8>=$AB$2,$I8>=$AC$2,$J8>=$AD$2) -> TRUE | M8: =AND($B8>=$V$3,$C8>=$W$3,$D8>=$X$3,$E8>=$Y$3,$F8>=$Z$3,$G8>=$AA$3,$H8>=$AB$3,$I8>=$AC$3,$J8>=$AD$3) -> TRUE | N8: =AND($B8>=$V$4,$C8>=$W$4,$D8>=$X$4,$E8>=$Y$4,$F8>=$Z$4,$G8>=$AA$4,$H8>=$AB$4,$I8>=$AC$4,$J8>=$AD$4) -> FALSE | O8: =AND($B8>=$V$5,$C8>=$W$5,$D8>=$X$5,$E8>=$Y$5,$F8>=$Z$5,$G8>=$AA$5,$H8>=$AB$5,$I8>=$AC$5,$J8>=$AD$5) -> FALSE | P8: =AND($B8>=$V$6,$C8>=$W$6,$D8>=$X$6,$E8>=$Y$6,$F8>=$Z$6,$G8>=$AA$6,$H8>=$AB$6,$I8>=$AC$6,$J8>=$AD$6) -> FALSE | Q8: =AND($B8>=$V$7,$C8>=$W$7,$D8>=$X$7,$E8>=$Y$7,$F8>=$Z$7,$G8>=$AA$7,$H8>=$AB$7,$I8>=$AC$7,$J8>=$AD$7) -> TRUE
B9: 1 | C9: 1 | D9: 1 | E9: 1 | F9: 1 | G9: 1 | H9: 0 | I9: 0 | J9: 0 | L9: =AND($B9>=$V$2,$C9>=$W$2,$D9>=$X$2,$E9>=$Y$2,$F9>=$Z$2,$G9>=$AA$2,$H9>=$AB$2,$I9>=$AC$2,$J9>=$AD$2) -> TRUE | M9: =AND($B9>=$V$3,$C9>=$W$3,$D9>=$X$3,$E9>=$Y$3,$F9>=$Z$3,$G9>=$AA$3,$H9>=$AB$3,$I9>=$AC$3,$J9>=$AD$3) -> TRUE | N9: =AND($B9>=$V$4,$C9>=$W$4,$D9>=$X$4,$E9>=$Y$4,$F9>=$Z$4,$G9>=$AA$4,$H9>=$AB$4,$I9>=$AC$4,$J9>=$AD$4) -> FALSE | O9: =AND($B9>=$V$5,$C9>=$W$5,$D9>=$X$5,$E9>=$Y$5,$F9>=$Z$5,$G9>=$AA$5,$H9>=$AB$5,$I9>=$AC$5,$J9>=$AD$5) -> FALSE | P9: =AND($B9>=$V$6,$C9>=$W$6,$D9>=$X$6,$E9>=$Y$6,$F9>=$Z$6,$G9>=$AA$6,$H9>=$AB$6,$I9>=$AC$6,$J9>=$AD$6) -> FALSE | Q9: =AND($B9>=$V$7,$C9>=$W$7,$D9>=$X$7,$E9>=$Y$7,$F9>=$Z$7,$G9>=$AA$7,$H9>=$AB$7,$I9>=$AC$7,$J9>=$AD$7) -> FALSE
B10: 1 | C10: 1 | D10: 1 | E10: 1 | F10: 1 | G10: 0 | H10: 1 | I10: 1 | J10: 1 | L10: =AND($B10>=$V$2,$C10>=$W$2,$D10>=$X$2,$E10>=$Y$2,$F10>=$Z$2,$G10>=$AA$2,$H10>=$AB$2,$I10>=$AC$2,$J10>=$AD$2) -> TRUE | M10: =AND($B10>=$V$3,$C10>=$W$3,$D10>=$X$3,$E10>=$Y$3,$F10>=$Z$3,$G10>=$AA$3,$H10>=$AB$3,$I10>=$AC$3,$J10>=$AD$3) -> FALSE | N10: =AND($B10>=$V$4,$C10>=$W$4,$D10>=$X$4,$E10>=$Y$4,$F10>=$Z$4,$G10>=$AA$4,$H10>=$AB$4,$I10>=$AC$4,$J10>=$AD$4) -> TRUE | O10: =AND($B10>=$V$5,$C10>=$W$5,$D10>=$X$5,$E10>=$Y$5,$F10>=$Z$5,$G10>=$AA$5,$H10>=$AB$5,$I10>=$AC$5,$J10>=$AD$5) -> TRUE | P10: =AND($B10>=$V$6,$C10>=$W$6,$D10>=$X$6,$E10>=$Y$6,$F10>=$Z$6,$G10>=$AA$6,$H10>=$AB$6,$I10>=$AC$6,$J10>=$AD$6) -> TRUE | Q10: =AND($B10>=$V$7,$C10>=$W$7,$D10>=$X$7,$E10>=$Y$7,$F10>=$Z$7,$G10>=$AA$7,$H10>=$AB$7,$I10>=$AC$7,$J10>=$AD$7) -> FALSE
B11: 1 | C11: 1 | D11: 1 | E11: 1 | F11: 1 | G11: 0 | H11: 1 | I11: 1 | J11: 0 | L11: =AND($B11>=$V$2,$C11>=$W$2,$D11>=$X$2,$E11>=$Y$2,$F11>=$Z$2,$G11>=$AA$2,$H11>=$AB$2,$I11>=$AC$2,$J11>=$AD$2) -> TRUE | M11: =AND($B11>=$V$3,$C11>=$W$3,$D11>=$X$3,$E11>=$Y$3,$F11>=$Z$3,$G11>=$AA$3,$H11>=$AB$3,$I11>=$AC$3,$J11>=$AD$3) -> FALSE | N11: =AND($B11>=$V$4,$C11>=$W$4,$D11>=$X$4,$E11>=$Y$4,$F11>=$Z$4,$G11>=$AA$4,$H11>=$AB$4,$I11>=$AC$4,$J11>=$AD$4) -> FALSE | O11: =AND($B11>=$V$5,$C11>=$W$5,$D11>=$X$5,$E11>=$Y$5,$F11>=$Z$5,$G11>=$AA$5,$H11>=$AB$5,$I11>=$AC$5,$J11>=$AD$5) -> TRUE | P11: =AND($B11>=$V$6,$C11>=$W$6,$D11>=$X$6,$E11>=$Y$6,$F11>=$Z$6,$G11>=$AA$6,$H11>=$AB$6,$I11>=$AC$6,$J11>=$AD$6) -> TRUE | Q11: =AND($B11>=$V$7,$C11>=$W$7,$D11>=$X$7,$E11>=$Y$7,$F11>=$Z$7,$G11>=$AA$7,$H11>=$AB$7,$I11>=$AC$7,$J11>=$AD$7) -> FALSE
B12: 1 | C12: 1 | D12: 1 | E12: 1 | F12: 1 | G12: 0 | H12: 1 | I12: 0 | J12: 1 | L12: =AND($B12>=$V$2,$C12>=$W$2,$D12>=$X$2,$E12>=$Y$2,$F12>=$Z$2,$G12>=$AA$2,$H12>=$AB$2,$I12>=$AC$2,$J12>=$AD$2) -> TRUE | M12: =AND($B12>=$V$3,$C12>=$W$3,$D12>=$X$3,$E12>=$Y$3,$F12>=$Z$3,$G12>=$AA$3,$H12>=$AB$3,$I12>=$AC$3,$J12>=$AD$3) -> FALSE | N12: =AND($B12>=$V$4,$C12>=$W$4,$D12>=$X$4,$E12>=$Y$4,$F12>=$Z$4,$G12>=$AA$4,$H12>=$AB$4,$I12>=$AC$4,$J12>=$AD$4) -> FALSE | O12: =AND($B12>=$V$5,$C12>=$W$5,$D12>=$X$5,$E12>=$Y$5,$F12>=$Z$5,$G12>=$AA$5,$H12>=$AB$5,$I12>=$AC$5,$J12>=$AD$5) -> TRUE | P12: =AND($B12>=$V$6,$C12>=$W$6,$D12>=$X$6,$E12>=$Y$6,$F12>=$Z$6,$G12>=$AA$6,$H12>=$AB$6,$I12>=$AC$6,$J12>=$AD$6) -> FALSE | Q12: =AND($B12>=$V$7,$C12>=$W$7,$D12>=$X$7,$E12>=$Y$7,$F12>=$Z$7,$G12>=$AA$7,$H12>=$AB$7,$I12>=$AC$7,$J12>=$AD$7) -> FALSE
B13: 1 | C13: 1 | D13: 1 | E13: 1 | F13: 1 | G13: 0 | H13: 1 | I13: 0 | J13: 0 | L13: =AND($B13>=$V$2,$C13>=$W$2,$D13>=$X$2,$E13>=$Y$2,$F13>=$Z$2,$G13>=$AA$2,$H13>=$AB$2,$I13>=$AC$2,$J13>=$AD$2) -> TRUE | M13: =AND($B13>=$V$3,$C13>=$W$3,$D13>=$X$3,$E13>=$Y$3,$F13>=$Z$3,$G13>=$AA$3,$H13>=$AB$3,$I13>=$AC$3,$J13>=$AD$3) -> FALSE | N13: =AND($B13>=$V$4,$C13>=$W$4,$D13>=$X$4,$E13>=$Y$4,$F13>=$Z$4,$G13>=$AA$4,$H13>=$AB$4,$I13>=$AC$4,$J13>=$AD$4) -> FALSE | O13: =AND($B13>=$V$5,$C13>=$W$5,$D13>=$X$5,$E13>=$Y$5,$F13>=$Z$5,$G13>=$AA$5,$H13>=$AB$5,$I13>=$AC$5,$J13>=$AD$5) -> TRUE | P13: =AND($B13>=$V$6,$C13>=$W$6,$D13>=$X$6,$E13>=$Y$6,$F13>=$Z$6,$G13>=$AA$6,$H13>=$AB$6,$I13>=$AC$6,$J13>=$AD$6) -> FALSE | Q13: =AND($B13>=$V$7,$C13>=$W$7,$D13>=$X$7,$E13>=$Y$7,$F13>=$Z$7,$G13>=$AA$7,$H13>=$AB$7,$I13>=$AC$7,$J13>=$AD$7) -> FALSE
B14: 1 | C14: 1 | D14: 1 | E14: 1 | F14: 1 | G14: 0 | H14: 0 | I14: 1 | J14: 1 | L14: =AND($B14>=$V$2,$C14>=$W$2,$D14>=$X$2,$E14>=$Y$2,$F14>=$Z$2,$G14>=$AA$2,$H14>=$AB$2,$I14>=$AC$2,$J14>=$AD$2) -> TRUE | M14: =AND($B14>=$V$3,$C14>=$W$3,$D14>=$X$3,$E14>=$Y$3,$F14>=$Z$3,$G14>=$AA$3,$H14>=$AB$3,$I14>=$AC$3,$J14>=$AD$3) -> FALSE | N14: =AND($B14>=$V$4,$C14>=$W$4,$D14>=$X$4,$E14>=$Y$4,$F14>=$Z$4,$G14>=$AA$4,$H14>=$AB$4,$I14>=$AC$4,$J14>=$AD$4) -> FALSE | O14: =AND($B14>=$V$5,$C14>=$W$5,$D14>=$X$5,$E14>=$Y$5,$F14>=$Z$5,$G14>=$AA$5,$H14>=$AB$5,$I14>=$AC$5,$J14>=$AD$5) -> FALSE | P14: =AND($B14>=$V$6,$C14>=$W$6,$D14>=$X$6,$E14>=$Y$6,$F14>=$Z$6,$G14>=$AA$6,$H14>=$AB$6,$I14>=$AC$6,$J14>=$AD$6) -> TRUE | Q14: =AND($B14>=$V$7,$C14>=$W$7,$D14>=$X$7,$E14>=$Y$7,$F14>=$Z$7,$G14>=$AA$7,$H14>=$AB$7,$I14>=$AC$7,$J14>=$AD$7) -> FALSE
B15: 1 | C15: 1 | D15: 1 | E15: 1 | F15: 1 | G15: 0 | H15: 0 | I15: 1 | J15: 0 | L15: =AND($B15>=$V$2,$C15>=$W$2,$D15>=$X$2,$E15>=$Y$2,$F15>=$Z$2,$G15>=$AA$2,$H15>=$AB$2,$I15>=$AC$2,$J15>=$AD$2) -> TRUE | M15: =AND($B15>=$V$3,$C15>=$W$3,$D15>=$X$3,$E15>=$Y$3,$F15>=$Z$3,$G15>=$AA$3,$H15>=$AB$3,$I15>=$AC$3,$J15>=$AD$3) -> FALSE | N15: =AND($B15>=$V$4,$C15>=$W$4,$D15>=$X$4,$E15>=$Y$4,$F15>=$Z$4,$G15>=$AA$4,$H15>=$AB$4,$I15>=$AC$4,$J15>=$AD$4) -> FALSE | O15: =AND($B15>=$V$5,$C15>=$W$5,$D15>=$X$5,$E15>=$Y$5,$F15>=$Z$5,$G15>=$AA$5,$H15>=$AB$5,$I15>=$AC$5,$J15>=$AD$5) -> FALSE | P15: =AND($B15>=$V$6,$C15>=$W$6,$D15>=$X$6,$E15>=$Y$6,$F15>=$Z$6,$G15>=$AA$6,$H15>=$AB$6,$I15>=$AC$6,$J15>=$AD$6) -> TRUE | Q15: =AND($B15>=$V$7,$C15>=$W$7,$D15>=$X$7,$E15>=$Y$7,$F15>=$Z$7,$G15>=$AA$7,$H15>=$AB$7,$I15>=$AC$7,$J15>=$AD$7) -> FALSE
B16: 1 | C16: 1 | D16: 1 | E16: 1 | F16: 1 | G16: 0 | H16: 0 | I16: 0 | J16: 1 | L16: =AND($B16>=$V$2,$C16>=$W$2,$D16>=$X$2,$E16>=$Y$2,$F16>=$Z$2,$G16>=$AA$2,$H16>=$AB$2,$I16>=$AC$2,$J16>=$AD$2) -> TRUE | M16: =AND($B16>=$V$3,$C16>=$W$3,$D16>=$X$3,$E16>=$Y$3,$F16>=$Z$3,$G16>=$AA$3,$H16>=$AB$3,$I16>=$AC$3,$J16>=$AD$3) -> FALSE | N16: =AND($B16>=$V$4,$C16>=$W$4,$D16>=$X$4,$E16>=$Y$4,$F16>=$Z$4,$G16>=$AA$4,$H16>=$AB$4,$I16>=$AC$4,$J16>=$AD$4) -> FALSE | O16: =AND($B16>=$V$5,$C16>=$W$5,$D16>=$X$5,$E16>=$Y$5,$F16>=$Z$5,$G16>=$AA$5,$H16>=$AB$5,$I16>=$AC$5,$J16>=$AD$5) -> FALSE | P16: =AND($B16>=$V$6,$C16>=$W$6,$D16>=$X$6,$E16>=$Y$6,$F16>=$Z$6,$G16>=$AA$6,$H16>=$AB$6,$I16>=$AC$6,$J16>=$AD$6) -> FALSE | Q16: =AND($B16>=$V$7,$C16>=$W$7,$D16>=$X$7,$E16>=$Y$7,$F16>=$Z$7,$G16>=$AA$7,$H16>=$AB$7,$I16>=$AC$7,$J16>=$AD$7) -> FALSE
B17: 1 | C17: 1 | D17: 1 | E17: 1 | F17: 1 | G17: 0 | H17: 0 | I17: 0 | J17: 0 | L17: =AND($B17>=$V$2,$C17>=$W$2,$D17>=$X$2,$E17>=$Y$2,$F17>=$Z$2,$G17>=$AA$2,$H17>=$AB$2,$I17>=$AC$2,$J17>=$AD$2) -> TRUE | M17: =AND($B17>=$V$3,$C17>=$W$3,$D17>=$X$3,$E17>=$Y$3,$F17>=$Z$3,$G17>=$AA$3,$H17>=$AB$3,$I17>=$AC$3,$J17>=$AD$3) -> FALSE | N17: =AND($B17>=$V$4,$C17>=$W$4,$D17>=$X$4,$E17>=$Y$4,$F17>=$Z$4,$G17>=$AA$4,$H17>=$AB$4,$I17>=$AC$4,$J17>=$AD$4) -> FALSE | O17: =AND($B17>=$V$5,$C17>=$W$5,$D17>=$X$5,$E17>=$Y$5,$F17>=$Z$5,$G17>=$AA$5,$H17>=$AB$5,$I17>=$AC$5,$J17>=$AD$5) -> FALSE | P17: =AND($B17>=$V$6,$C17>=$W$6,$D17>=$X$6,$E17>=$Y$6,$F17>=$Z$6,$G17>=$AA$6,$H17>=$AB$6,$I17>=$AC$6,$J17>=$AD$6) -> FALSE | Q17: =AND($B17>=$V$7,$C17>=$W$7,$D17>=$X$7,$E17>=$Y$7,$F17>=$Z$7,$G17>=$AA$7,$H17>=$AB$7,$I17>=$AC$7,$J17>=$AD$7) -> FALSE
B18: 1 | C18: 1 | D18: 1 | E18: 1 | F18: 0 | G18: 1 | H18: 1 | I18: 1 | J18: 1 | L18: =AND($B18>=$V$2,$C18>=$W$2,$D18>=$X$2,$E18>=$Y$2,$F18>=$Z$2,$G18>=$AA$2,$H18>=$AB$2,$I18>=$AC$2,$J18>=$AD$2) -> TRUE | M18: =AND($B18>=$V$3,$C18>=$W$3,$D18>=$X$3,$E18>=$Y$3,$F18>=$Z$3,$G18>=$AA$3,$H18>=$AB$3,$I18>=$AC$3,$J18>=$AD$3) -> FALSE | N18: =AND($B18>=$V$4,$C18>=$W$4,$D18>=$X$4,$E18>=$Y$4,$F18>=$Z$4,$G18>=$AA$4,$H18>=$AB$4,$I18>=$AC$4,$J18>=$AD$4) -> TRUE | O18: =AND($B18>=$V$5,$C18>=$W$5,$D18>=$X$5,$E18>=$Y$5,$F18>=$Z$5,$G18>=$AA$5,$H18>=$AB$5,$I18>=$AC$5,$J18>=$AD$5) -> TRUE | P18: =AND($B18>=$V$6,$C18>=$W$6,$D18>=$X$6,$E18>=$Y$6,$F18>=$Z$6,$G18>=$AA$6,$H18>=$AB$6,$I18>=$AC$6,$J18>=$AD$6) -> FALSE | Q18: =AND($B18>=$V$7,$C18>=$W$7,$D18>=$X$7,$E18>=$Y$7,$F18>=$Z$7,$G18>=$AA$7,$H18>=$AB$7,$I18>=$AC$7,$J18>=$AD$7) -> TRUE
B19: 1 | C19: 1 | D19: 1 | E19: 1 | F19: 0 | G19: 1 | H19: 1 | I19: 1 | J19: 0 | L19: =AND($B19>=$V$2,$C19>=$W$2,$D19>=$X$2,$E19>=$Y$2,$F19>=$Z$2,$G19>=$AA$2,$H19>=$AB$2,$I19>=$AC$2,$J19>=$AD$2) -> TRUE | M19: =AND($B19>=$V$3,$C19>=$W$3,$D19>=$X$3,$E19>=$Y$3,$F19>=$Z$3,$G19>=$AA$3,$H19>=$AB$3,$I19>=$AC$3,$J19>=$AD$3) -> FALSE | N19: =AND($B19>=$V$4,$C19>=$W$4,$D19>=$X$4,$E19>=$Y$4,$F19>=$Z$4,$G19>=$AA$4,$H19>=$AB$4,$I19>=$AC$4,$J19>=$AD$4) -> FALSE | O19: =AND($B19>=$V$5,$C19>=$W$5,$D19>=$X$5,$E19>=$Y$5,$F19>=$Z$5,$G19>=$AA$5,$H19>=$AB$5,$I19>=$AC$5,$J19>=$AD$5) -> TRUE | P19: =AND($B19>=$V$6,$C19>=$W$6,$D19>=$X$6,$E19>=$Y$6,$F19>=$Z$6,$G19>=$AA$6,$H19>=$AB$6,$I19>=$AC$6,$J19>=$AD$6) -> FALSE | Q19: =AND($B19>=$V$7,$C19>=$W$7,$D19>=$X$7,$E19>=$Y$7,$F19>=$Z$7,$G19>=$AA$7,$H19>=$AB$7,$I19>=$AC$7,$J19>=$AD$7) -> FALSE
... B513: 0 | C513: 0 | D513: 0 | E513: 0 | F513: 0 | G513: 0 | H513: 0 | I513: 0 | J513: 0 | L513: =AND($B513>=$V$2,$C513>=$W$2,$D513>=$X$2,$E513>=$Y$2,$F513>=$Z$2,$G513>=$AA$2,$H513>=$AB$2,$I513>=$AC$2,$J513>=$AD$2) -> FALSE | M513: =AND($B513>=$V$3,$C513>=$W$3,$D513>=$X$3,$E513>=$Y$3,$F513>=$Z$3,$G513>=$AA$3,$H513>=$AB$3,$I513>=$AC$3,$J513>=$AD$3) -> FALSE | N513: =AND($B513>=$V$4,$C513>=$W$4,$D513>=$X$4,$E513>=$Y$4,$F513>=$Z$4,$G513>=$AA$4,$H513>=$AB$4,$I513>=$AC$4,$J513>=$AD$4) -> FALSE | O513: =AND($B513>=$V$5,$C513>=$W$5,$D513>=$X$5,$E513>=$Y$5,$F513>=$Z$5,$G513>=$AA$5,$H513>=$AB$5,$I513>=$AC$5,$J513>=$AD$5) -> FALSE | P513: =AND($B513>=$V$6,$C513>=$W$6,$D513>=$X$6,$E513>=$Y$6,$F513>=$Z$6,$G513>=$AA$6,$H513>=$AB$6,$I513>=$AC$6,$J513>=$AD$6) -> FALSE | Q513: =AND($B513>=$V$7,$C513>=$W$7,$D513>=$X$7,$E513>=$Y$7,$F513>=$Z$7,$G513>=$AA$7,$H513>=$AB$7,$I513>=$AC$7,$J513>=$AD$7) -> FALSE

Sheet ball combine if wild
A1: LC | B1: MC | C1: RC | D1: UR | E1: MR | F1: DR | H1: 1 | I1: 2 | J1: 3 | K1: 4 | L1: 5 | M1: 6 | N1: 7 | O1: 8 | P1: 9 | Q1: slot | R1: line | S1: 10 | T1: 11 | U1: 12 | V1: 13 | W1: 14
A2: 0 | B2: 0 | C2: 0 | D2: 0 | E2: 0 | F2: 0 | H2: =IF(OR(A2=1,D2=1),1,0) -> 0 | I2: =IF(OR(B2=1,D2=1),1,0) -> 0 | J2: =IF(OR(C2=1,D2=1),1,0) -> 0 | K2: =IF(OR(A2=1,E2=1),1,0) -> 0 | L2: =IF(OR(B2=1,E2=1),1,0) -> 0 | M2: =IF(OR(C2=1,E2=1),1,0) -> 0 | N2: =IF(OR(A2=1,F2=1),1,0) -> 0 | O2: =IF(OR(B2=1,F2=1),1,0) -> 0 | P2: =IF(OR(C2=1,F2=1),1,0) -> 0 | Q2: =SUM(H2:P2) -> 0 | R2: =SUM(A2:F2) -> 0 | S2: =COMBIN(30,S$1-$Q2) -> 30045015 | T2: =COMBIN(30,T$1-$Q2) -> 54627300 | U2: =COMBIN(30,U$1-$Q2) -> 86493225 | V2: =COMBIN(30,V$1-$Q2) -> 119759850 | W2: =COMBIN(30,W$1-$Q2) -> 145422675
A3: 1 | B3: 0 | C3: 0 | D3: 0 | E3: 0 | F3: 0 | H3: =IF(OR(A3=1,D3=1),1,0) -> 1 | I3: =IF(OR(B3=1,D3=1),1,0) -> 0 | J3: =IF(OR(C3=1,D3=1),1,0) -> 0 | K3: =IF(OR(A3=1,E3=1),1,0) -> 1 | L3: =IF(OR(B3=1,E3=1),1,0) -> 0 | M3: =IF(OR(C3=1,E3=1),1,0) -> 0 | N3: =IF(OR(A3=1,F3=1),1,0) -> 1 | O3: =IF(OR(B3=1,F3=1),1,0) -> 0 | P3: =IF(OR(C3=1,F3=1),1,0) -> 0 | Q3: =SUM(H3:P3) -> 3 | R3: =SUM(A3:F3) -> 1 | S3: =COMBIN(30-$Q3,S$1-$Q3) -> 888030 | T3: =COMBIN(30-$Q3,T$1-$Q3) -> 2220075 | U3: =COMBIN(30-$Q3,U$1-$Q3) -> 4686825 | V3: =COMBIN(30-$Q3,V$1-$Q3) -> 8436285 | W3: =COMBIN(30-$Q3,W$1-$Q3) -> 13037895
A4: 0 | B4: 1 | C4: 0 | D4: 0 | E4: 0 | F4: 0 | H4: =IF(OR(A4=1,D4=1),1,0) -> 0 | I4: =IF(OR(B4=1,D4=1),1,0) -> 1 | J4: =IF(OR(C4=1,D4=1),1,0) -> 0 | K4: =IF(OR(A4=1,E4=1),1,0) -> 0 | L4: =IF(OR(B4=1,E4=1),1,0) -> 1 | M4: =IF(OR(C4=1,E4=1),1,0) -> 0 | N4: =IF(OR(A4=1,F4=1),1,0) -> 0 | O4: =IF(OR(B4=1,F4=1),1,0) -> 1 | P4: =IF(OR(C4=1,F4=1),1,0) -> 0 | Q4: =SUM(H4:P4) -> 3 | R4: =SUM(A4:F4) -> 1 | S4: =COMBIN(30-$Q4,S$1-$Q4) -> 888030 | T4: =COMBIN(30-$Q4,T$1-$Q4) -> 2220075 | U4: =COMBIN(30-$Q4,U$1-$Q4) -> 4686825 | V4: =COMBIN(30-$Q4,V$1-$Q4) -> 8436285 | W4: =COMBIN(30-$Q4,W$1-$Q4) -> 13037895
A5: 0 | B5: 0 | C5: 0 | D5: 1 | E5: 0 | F5: 0 | H5: =IF(OR(A5=1,D5=1),1,0) -> 1 | I5: =IF(OR(B5=1,D5=1),1,0) -> 1 | J5: =IF(OR(C5=1,D5=1),1,0) -> 1 | K5: =IF(OR(A5=1,E5=1),1,0) -> 0 | L5: =IF(OR(B5=1,E5=1),1,0) -> 0 | M5: =IF(OR(C5=1,E5=1),1,0) -> 0 | N5: =IF(OR(A5=1,F5=1),1,0) -> 0 | O5: =IF(OR(B5=1,F5=1),1,0) -> 0 | P5: =IF(OR(C5=1,F5=1),1,0) -> 0 | Q5: =SUM(H5:P5) -> 3 | R5: =SUM(A5:F5) -> 1 | S5: =COMBIN(30-$Q5,S$1-$Q5) -> 888030 | T5: =COMBIN(30-$Q5,T$1-$Q5) -> 2220075 | U5: =COMBIN(30-$Q5,U$1-$Q5) -> 4686825 | V5: =COMBIN(30-$Q5,V$1-$Q5) -> 8436285 | W5: =COMBIN(30-$Q5,W$1-$Q5) -> 13037895
A6: 0 | B6: 0 | C6: 0 | D6: 0 | E6: 1 | F6: 0 | H6: =IF(OR(A6=1,D6=1),1,0) -> 0 | I6: =IF(OR(B6=1,D6=1),1,0) -> 0 | J6: =IF(OR(C6=1,D6=1),1,0) -> 0 | K6: =IF(OR(A6=1,E6=1),1,0) -> 1 | L6: =IF(OR(B6=1,E6=1),1,0) -> 1 | M6: =IF(OR(C6=1,E6=1),1,0) -> 1 | N6: =IF(OR(A6=1,F6=1),1,0) -> 0 | O6: =IF(OR(B6=1,F6=1),1,0) -> 0 | P6: =IF(OR(C6=1,F6=1),1,0) -> 0 | Q6: =SUM(H6:P6) -> 3 | R6: =SUM(A6:F6) -> 1 | S6: =COMBIN(30-$Q6,S$1-$Q6) -> 888030 | T6: =COMBIN(30-$Q6,T$1-$Q6) -> 2220075 | U6: =COMBIN(30-$Q6,U$1-$Q6) -> 4686825 | V6: =COMBIN(30-$Q6,V$1-$Q6) -> 8436285 | W6: =COMBIN(30-$Q6,W$1-$Q6) -> 13037895
A7: 0 | B7: 0 | C7: 1 | D7: 0 | E7: 0 | F7: 0 | H7: =IF(OR(A7=1,D7=1),1,0) -> 0 | I7: =IF(OR(B7=1,D7=1),1,0) -> 0 | J7: =IF(OR(C7=1,D7=1),1,0) -> 1 | K7: =IF(OR(A7=1,E7=1),1,0) -> 0 | L7: =IF(OR(B7=1,E7=1),1,0) -> 0 | M7: =IF(OR(C7=1,E7=1),1,0) -> 1 | N7: =IF(OR(A7=1,F7=1),1,0) -> 0 | O7: =IF(OR(B7=1,F7=1),1,0) -> 0 | P7: =IF(OR(C7=1,F7=1),1,0) -> 1 | Q7: =SUM(H7:P7) -> 3 | R7: =SUM(A7:F7) -> 1 | S7: =COMBIN(30-$Q7,S$1-$Q7) -> 888030 | T7: =COMBIN(30-$Q7,T$1-$Q7) -> 2220075 | U7: =COMBIN(30-$Q7,U$1-$Q7) -> 4686825 | V7: =COMBIN(30-$Q7,V$1-$Q7) -> 8436285 | W7: =COMBIN(30-$Q7,W$1-$Q7) -> 13037895
A8: 0 | B8: 0 | C8: 0 | D8: 0 | E8: 0 | F8: 1 | H8: =IF(OR(A8=1,D8=1),1,0) -> 0 | I8: =IF(OR(B8=1,D8=1),1,0) -> 0 | J8: =IF(OR(C8=1,D8=1),1,0) -> 0 | K8: =IF(OR(A8=1,E8=1),1,0) -> 0 | L8: =IF(OR(B8=1,E8=1),1,0) -> 0 | M8: =IF(OR(C8=1,E8=1),1,0) -> 0 | N8: =IF(OR(A8=1,F8=1),1,0) -> 1 | O8: =IF(OR(B8=1,F8=1),1,0) -> 1 | P8: =IF(OR(C8=1,F8=1),1,0) -> 1 | Q8: =SUM(H8:P8) -> 3 | R8: =SUM(A8:F8) -> 1 | S8: =COMBIN(30-$Q8,S$1-$Q8) -> 888030 | T8: =COMBIN(30-$Q8,T$1-$Q8) -> 2220075 | U8: =COMBIN(30-$Q8,U$1-$Q8) -> 4686825 | V8: =COMBIN(30-$Q8,V$1-$Q8) -> 8436285 | W8: =COMBIN(30-$Q8,W$1-$Q8) -> 13037895
A9: 1 | B9: 0 | C9: 0 | D9: 1 | E9: 0 | F9: 0 | H9: =IF(OR(A9=1,D9=1),1,0) -> 1 | I9: =IF(OR(B9=1,D9=1),1,0) -> 1 | J9: =IF(OR(C9=1,D9=1),1,0) -> 1 | K9: =IF(OR(A9=1,E9=1),1,0) -> 1 | L9: =IF(OR(B9=1,E9=1),1,0) -> 0 | M9: =IF(OR(C9=1,E9=1),1,0) -> 0 | N9: =IF(OR(A9=1,F9=1),1,0) -> 1 | O9: =IF(OR(B9=1,F9=1),1,0) -> 0 | P9: =IF(OR(C9=1,F9=1),1,0) -> 0 | Q9: =SUM(H9:P9) -> 5 | R9: =SUM(A9:F9) -> 2 | S9: =COMBIN(30-$Q9,S$1-$Q9) -> 53130 | T9: =COMBIN(30-$Q9,T$1-$Q9) -> 177100 | U9: =COMBIN(30-$Q9,U$1-$Q9) -> 480700 | V9: =COMBIN(30-$Q9,V$1-$Q9) -> 1081575 | W9: =COMBIN(30-$Q9,W$1-$Q9) -> 2042975
A10: 1 | B10: 0 | C10: 0 | D10: 0 | E10: 1 | F10: 0 | H10: =IF(OR(A10=1,D10=1),1,0) -> 1 | I10: =IF(OR(B10=1,D10=1),1,0) -> 0 | J10: =IF(OR(C10=1,D10=1),1,0) -> 0 | K10: =IF(OR(A10=1,E10=1),1,0) -> 1 | L10: =IF(OR(B10=1,E10=1),1,0) -> 1 | M10: =IF(OR(C10=1,E10=1),1,0) -> 1 | N10: =IF(OR(A10=1,F10=1),1,0) -> 1 | O10: =IF(OR(B10=1,F10=1),1,0) -> 0 | P10: =IF(OR(C10=1,F10=1),1,0) -> 0 | Q10: =SUM(H10:P10) -> 5 | R10: =SUM(A10:F10) -> 2 | S10: =COMBIN(30-$Q10,S$1-$Q10) -> 53130 | T10: =COMBIN(30-$Q10,T$1-$Q10) -> 177100 | U10: =COMBIN(30-$Q10,U$1-$Q10) -> 480700 | V10: =COMBIN(30-$Q10,V$1-$Q10) -> 1081575 | W10: =COMBIN(30-$Q10,W$1-$Q10) -> 2042975
A11: 1 | B11: 0 | C11: 0 | D11: 0 | E11: 0 | F11: 1 | H11: =IF(OR(A11=1,D11=1),1,0) -> 1 | I11: =IF(OR(B11=1,D11=1),1,0) -> 0 | J11: =IF(OR(C11=1,D11=1),1,0) -> 0 | K11: =IF(OR(A11=1,E11=1),1,0) -> 1 | L11: =IF(OR(B11=1,E11=1),1,0) -> 0 | M11: =IF(OR(C11=1,E11=1),1,0) -> 0 | N11: =IF(OR(A11=1,F11=1),1,0) -> 1 | O11: =IF(OR(B11=1,F11=1),1,0) -> 1 | P11: =IF(OR(C11=1,F11=1),1,0) -> 1 | Q11: =SUM(H11:P11) -> 5 | R11: =SUM(A11:F11) -> 2 | S11: =COMBIN(30-$Q11,S$1-$Q11) -> 53130 | T11: =COMBIN(30-$Q11,T$1-$Q11) -> 177100 | U11: =COMBIN(30-$Q11,U$1-$Q11) -> 480700 | V11: =COMBIN(30-$Q11,V$1-$Q11) -> 1081575 | W11: =COMBIN(30-$Q11,W$1-$Q11) -> 2042975
A12: 0 | B12: 1 | C12: 0 | D12: 1 | E12: 0 | F12: 0 | H12: =IF(OR(A12=1,D12=1),1,0) -> 1 | I12: =IF(OR(B12=1,D12=1),1,0) -> 1 | J12: =IF(OR(C12=1,D12=1),1,0) -> 1 | K12: =IF(OR(A12=1,E12=1),1,0) -> 0 | L12: =IF(OR(B12=1,E12=1),1,0) -> 1 | M12: =IF(OR(C12=1,E12=1),1,0) -> 0 | N12: =IF(OR(A12=1,F12=1),1,0) -> 0 | O12: =IF(OR(B12=1,F12=1),1,0) -> 1 | P12: =IF(OR(C12=1,F12=1),1,0) -> 0 | Q12: =SUM(H12:P12) -> 5 | R12: =SUM(A12:F12) -> 2 | S12: =COMBIN(30-$Q12,S$1-$Q12) -> 53130 | T12: =COMBIN(30-$Q12,T$1-$Q12) -> 177100 | U12: =COMBIN(30-$Q12,U$1-$Q12) -> 480700 | V12: =COMBIN(30-$Q12,V$1-$Q12) -> 1081575 | W12: =COMBIN(30-$Q12,W$1-$Q12) -> 2042975
A13: 0 | B13: 1 | C13: 0 | D13: 0 | E13: 1 | F13: 0 | H13: =IF(OR(A13=1,D13=1),1,0) -> 0 | I13: =IF(OR(B13=1,D13=1),1,0) -> 1 | J13: =IF(OR(C13=1,D13=1),1,0) -> 0 | K13: =IF(OR(A13=1,E13=1),1,0) -> 1 | L13: =IF(OR(B13=1,E13=1),1,0) -> 1 | M13: =IF(OR(C13=1,E13=1),1,0) -> 1 | N13: =IF(OR(A13=1,F13=1),1,0) -> 0 | O13: =IF(OR(B13=1,F13=1),1,0) -> 1 | P13: =IF(OR(C13=1,F13=1),1,0) -> 0 | Q13: =SUM(H13:P13) -> 5 | R13: =SUM(A13:F13) -> 2 | S13: =COMBIN(30-$Q13,S$1-$Q13) -> 53130 | T13: =COMBIN(30-$Q13,T$1-$Q13) -> 177100 | U13: =COMBIN(30-$Q13,U$1-$Q13) -> 480700 | V13: =COMBIN(30-$Q13,V$1-$Q13) -> 1081575 | W13: =COMBIN(30-$Q13,W$1-$Q13) -> 2042975
A14: 0 | B14: 0 | C14: 1 | D14: 1 | E14: 0 | F14: 0 | H14: =IF(OR(A14=1,D14=1),1,0) -> 1 | I14: =IF(OR(B14=1,D14=1),1,0) -> 1 | J14: =IF(OR(C14=1,D14=1),1,0) -> 1 | K14: =IF(OR(A14=1,E14=1),1,0) -> 0 | L14: =IF(OR(B14=1,E14=1),1,0) -> 0 | M14: =IF(OR(C14=1,E14=1),1,0) -> 1 | N14: =IF(OR(A14=1,F14=1),1,0) -> 0 | O14: =IF(OR(B14=1,F14=1),1,0) -> 0 | P14: =IF(OR(C14=1,F14=1),1,0) -> 1 | Q14: =SUM(H14:P14) -> 5 | R14: =SUM(A14:F14) -> 2 | S14: =COMBIN(30-$Q14,S$1-$Q14) -> 53130 | T14: =COMBIN(30-$Q14,T$1-$Q14) -> 177100 | U14: =COMBIN(30-$Q14,U$1-$Q14) -> 480700 | V14: =COMBIN(30-$Q14,V$1-$Q14) -> 1081575 | W14: =COMBIN(30-$Q14,W$1-$Q14) -> 2042975
... A51: 1 | B51: 1 | C51: 1 | D51: 1 | E51: 1 | F51: 1 | H51: =IF(OR(A51=1,D51=1),1,0) -> 1 | I51: =IF(OR(B51=1,D51=1),1,0) -> 1 | J51: =IF(OR(C51=1,D51=1),1,0) -> 1 | K51: =IF(OR(A51=1,E51=1),1,0) -> 1 | L51: =IF(OR(B51=1,E51=1),1,0) -> 1 | M51: =IF(OR(C51=1,E51=1),1,0) -> 1 | N51: =IF(OR(A51=1,F51=1),1,0) -> 1 | O51: =IF(OR(B51=1,F51=1),1,0) -> 1 | P51: =IF(OR(C51=1,F51=1),1,0) -> 1 | Q51: =SUM(H51:P51) -> 9 | R51: =SUM(A51:F51) -> 6 | S51: =COMBIN(30-$Q51,S$1-$Q51) -> 21 | T51: =COMBIN(30-$Q51,T$1-$Q51) -> 210 | U51: =COMBIN(30-$Q51,U$1-$Q51) -> 1330 | V51: =COMBIN(30-$Q51,V$1-$Q51) -> 5985 | W51: =COMBIN(30-$Q51,W$1-$Q51) -> 20349

Sheet ball combine if not wild
A1: LC | B1: MC | C1: RC | D1: UR | E1: MR | F1: DR | H1: 1 | I1: 2 | J1: 3 | K1: 4 | L1: 5 | M1: 6 | N1: 7 | O1: 8 | P1: 9 | Q1: slot | R1: line | S1: 9
A2: 0 | B2: 0 | C2: 0 | D2: 0 | E2: 0 | F2: 0 | H2: =IF(OR(A2=1,D2=1),1,0) -> 0 | I2: =IF(OR(B2=1,D2=1),1,0) -> 0 | J2: =IF(OR(C2=1,D2=1),1,0) -> 0 | K2: =IF(OR(A2=1,E2=1),1,0) -> 0 | L2: =IF(OR(B2=1,E2=1),1,0) -> 0 | M2: =IF(OR(C2=1,E2=1),1,0) -> 0 | N2: =IF(OR(A2=1,F2=1),1,0) -> 0 | O2: =IF(OR(B2=1,F2=1),1,0) -> 0 | P2: =IF(OR(C2=1,F2=1),1,0) -> 0 | Q2: =SUM(H2:P2) -> 0 | R2: =SUM(A2:F2) -> 0 | S2: =COMBIN(30,9) -> 14307150
A3: 1 | B3: 0 | C3: 0 | D3: 0 | E3: 0 | F3: 0 | H3: =IF(OR(A3=1,D3=1),1,0) -> 1 | I3: =IF(OR(B3=1,D3=1),1,0) -> 0 | J3: =IF(OR(C3=1,D3=1),1,0) -> 0 | K3: =IF(OR(A3=1,E3=1),1,0) -> 1 | L3: =IF(OR(B3=1,E3=1),1,0) -> 0 | M3: =IF(OR(C3=1,E3=1),1,0) -> 0 | N3: =IF(OR(A3=1,F3=1),1,0) -> 1 | O3: =IF(OR(B3=1,F3=1),1,0) -> 0 | P3: =IF(OR(C3=1,F3=1),1,0) -> 0 | Q3: =SUM(H3:P3) -> 3 | R3: =SUM(A3:F3) -> 1 | S3: =COMBIN(30-$Q3,$S$1-$Q3) -> 296010
A4: 0 | B4: 1 | C4: 0 | D4: 0 | E4: 0 | F4: 0 | H4: =IF(OR(A4=1,D4=1),1,0) -> 0 | I4: =IF(OR(B4=1,D4=1),1,0) -> 1 | J4: =IF(OR(C4=1,D4=1),1,0) -> 0 | K4: =IF(OR(A4=1,E4=1),1,0) -> 0 | L4: =IF(OR(B4=1,E4=1),1,0) -> 1 | M4: =IF(OR(C4=1,E4=1),1,0) -> 0 | N4: =IF(OR(A4=1,F4=1),1,0) -> 0 | O4: =IF(OR(B4=1,F4=1),1,0) -> 1 | P4: =IF(OR(C4=1,F4=1),1,0) -> 0 | Q4: =SUM(H4:P4) -> 3 | R4: =SUM(A4:F4) -> 1 | S4: =COMBIN(30-$Q4,$S$1-$Q4) -> 296010
A5: 0 | B5: 0 | C5: 0 | D5: 1 | E5: 0 | F5: 0 | H5: =IF(OR(A5=1,D5=1),1,0) -> 1 | I5: =IF(OR(B5=1,D5=1),1,0) -> 1 | J5: =IF(OR(C5=1,D5=1),1,0) -> 1 | K5: =IF(OR(A5=1,E5=1),1,0) -> 0 | L5: =IF(OR(B5=1,E5=1),1,0) -> 0 | M5: =IF(OR(C5=1,E5=1),1,0) -> 0 | N5: =IF(OR(A5=1,F5=1),1,0) -> 0 | O5: =IF(OR(B5=1,F5=1),1,0) -> 0 | P5: =IF(OR(C5=1,F5=1),1,0) -> 0 | Q5: =SUM(H5:P5) -> 3 | R5: =SUM(A5:F5) -> 1 | S5: =COMBIN(30-$Q5,$S$1-$Q5) -> 296010
A6: 0 | B6: 0 | C6: 0 | D6: 0 | E6: 1 | F6: 0 | H6: =IF(OR(A6=1,D6=1),1,0) -> 0 | I6: =IF(OR(B6=1,D6=1),1,0) -> 0 | J6: =IF(OR(C6=1,D6=1),1,0) -> 0 | K6: =IF(OR(A6=1,E6=1),1,0) -> 1 | L6: =IF(OR(B6=1,E6=1),1,0) -> 1 | M6: =IF(OR(C6=1,E6=1),1,0) -> 1 | N6: =IF(OR(A6=1,F6=1),1,0) -> 0 | O6: =IF(OR(B6=1,F6=1),1,0) -> 0 | P6: =IF(OR(C6=1,F6=1),1,0) -> 0 | Q6: =SUM(H6:P6) -> 3 | R6: =SUM(A6:F6) -> 1 | S6: =COMBIN(30-$Q6,$S$1-$Q6) -> 296010
A7: 0 | B7: 0 | C7: 1 | D7: 0 | E7: 0 | F7: 0 | H7: =IF(OR(A7=1,D7=1),1,0) -> 0 | I7: =IF(OR(B7=1,D7=1),1,0) -> 0 | J7: =IF(OR(C7=1,D7=1),1,0) -> 1 | K7: =IF(OR(A7=1,E7=1),1,0) -> 0 | L7: =IF(OR(B7=1,E7=1),1,0) -> 0 | M7: =IF(OR(C7=1,E7=1),1,0) -> 1 | N7: =IF(OR(A7=1,F7=1),1,0) -> 0 | O7: =IF(OR(B7=1,F7=1),1,0) -> 0 | P7: =IF(OR(C7=1,F7=1),1,0) -> 1 | Q7: =SUM(H7:P7) -> 3 | R7: =SUM(A7:F7) -> 1 | S7: =COMBIN(30-$Q7,$S$1-$Q7) -> 296010
A8: 0 | B8: 0 | C8: 0 | D8: 0 | E8: 0 | F8: 1 | H8: =IF(OR(A8=1,D8=1),1,0) -> 0 | I8: =IF(OR(B8=1,D8=1),1,0) -> 0 | J8: =IF(OR(C8=1,D8=1),1,0) -> 0 | K8: =IF(OR(A8=1,E8=1),1,0) -> 0 | L8: =IF(OR(B8=1,E8=1),1,0) -> 0 | M8: =IF(OR(C8=1,E8=1),1,0) -> 0 | N8: =IF(OR(A8=1,F8=1),1,0) -> 1 | O8: =IF(OR(B8=1,F8=1),1,0) -> 1 | P8: =IF(OR(C8=1,F8=1),1,0) -> 1 | Q8: =SUM(H8:P8) -> 3 | R8: =SUM(A8:F8) -> 1 | S8: =COMBIN(30-$Q8,$S$1-$Q8) -> 296010
A9: 1 | B9: 0 | C9: 0 | D9: 1 | E9: 0 | F9: 0 | H9: =IF(OR(A9=1,D9=1),1,0) -> 1 | I9: =IF(OR(B9=1,D9=1),1,0) -> 1 | J9: =IF(OR(C9=1,D9=1),1,0) -> 1 | K9: =IF(OR(A9=1,E9=1),1,0) -> 1 | L9: =IF(OR(B9=1,E9=1),1,0) -> 0 | M9: =IF(OR(C9=1,E9=1),1,0) -> 0 | N9: =IF(OR(A9=1,F9=1),1,0) -> 1 | O9: =IF(OR(B9=1,F9=1),1,0) -> 0 | P9: =IF(OR(C9=1,F9=1),1,0) -> 0 | Q9: =SUM(H9:P9) -> 5 | R9: =SUM(A9:F9) -> 2 | S9: =COMBIN(30-$Q9,$S$1-$Q9) -> 12650
A10: 1 | B10: 0 | C10: 0 | D10: 0 | E10: 1 | F10: 0 | H10: =IF(OR(A10=1,D10=1),1,0) -> 1 | I10: =IF(OR(B10=1,D10=1),1,0) -> 0 | J10: =IF(OR(C10=1,D10=1),1,0) -> 0 | K10: =IF(OR(A10=1,E10=1),1,0) -> 1 | L10: =IF(OR(B10=1,E10=1),1,0) -> 1 | M10: =IF(OR(C10=1,E10=1),1,0) -> 1 | N10: =IF(OR(A10=1,F10=1),1,0) -> 1 | O10: =IF(OR(B10=1,F10=1),1,0) -> 0 | P10: =IF(OR(C10=1,F10=1),1,0) -> 0 | Q10: =SUM(H10:P10) -> 5 | R10: =SUM(A10:F10) -> 2 | S10: =COMBIN(30-$Q10,$S$1-$Q10) -> 12650
A11: 1 | B11: 0 | C11: 0 | D11: 0 | E11: 0 | F11: 1 | H11: =IF(OR(A11=1,D11=1),1,0) -> 1 | I11: =IF(OR(B11=1,D11=1),1,0) -> 0 | J11: =IF(OR(C11=1,D11=1),1,0) -> 0 | K11: =IF(OR(A11=1,E11=1),1,0) -> 1 | L11: =IF(OR(B11=1,E11=1),1,0) -> 0 | M11: =IF(OR(C11=1,E11=1),1,0) -> 0 | N11: =IF(OR(A11=1,F11=1),1,0) -> 1 | O11: =IF(OR(B11=1,F11=1),1,0) -> 1 | P11: =IF(OR(C11=1,F11=1),1,0) -> 1 | Q11: =SUM(H11:P11) -> 5 | R11: =SUM(A11:F11) -> 2 | S11: =COMBIN(30-$Q11,$S$1-$Q11) -> 12650
A12: 0 | B12: 1 | C12: 0 | D12: 1 | E12: 0 | F12: 0 | H12: =IF(OR(A12=1,D12=1),1,0) -> 1 | I12: =IF(OR(B12=1,D12=1),1,0) -> 1 | J12: =IF(OR(C12=1,D12=1),1,0) -> 1 | K12: =IF(OR(A12=1,E12=1),1,0) -> 0 | L12: =IF(OR(B12=1,E12=1),1,0) -> 1 | M12: =IF(OR(C12=1,E12=1),1,0) -> 0 | N12: =IF(OR(A12=1,F12=1),1,0) -> 0 | O12: =IF(OR(B12=1,F12=1),1,0) -> 1 | P12: =IF(OR(C12=1,F12=1),1,0) -> 0 | Q12: =SUM(H12:P12) -> 5 | R12: =SUM(A12:F12) -> 2 | S12: =COMBIN(30-$Q12,$S$1-$Q12) -> 12650
A13: 0 | B13: 1 | C13: 0 | D13: 0 | E13: 1 | F13: 0 | H13: =IF(OR(A13=1,D13=1),1,0) -> 0 | I13: =IF(OR(B13=1,D13=1),1,0) -> 1 | J13: =IF(OR(C13=1,D13=1),1,0) -> 0 | K13: =IF(OR(A13=1,E13=1),1,0) -> 1 | L13: =IF(OR(B13=1,E13=1),1,0) -> 1 | M13: =IF(OR(C13=1,E13=1),1,0) -> 1 | N13: =IF(OR(A13=1,F13=1),1,0) -> 0 | O13: =IF(OR(B13=1,F13=1),1,0) -> 1 | P13: =IF(OR(C13=1,F13=1),1,0) -> 0 | Q13: =SUM(H13:P13) -> 5 | R13: =SUM(A13:F13) -> 2 | S13: =COMBIN(30-$Q13,$S$1-$Q13) -> 12650
A14: 0 | B14: 0 | C14: 1 | D14: 1 | E14: 0 | F14: 0 | H14: =IF(OR(A14=1,D14=1),1,0) -> 1 | I14: =IF(OR(B14=1,D14=1),1,0) -> 1 | J14: =IF(OR(C14=1,D14=1),1,0) -> 1 | K14: =IF(OR(A14=1,E14=1),1,0) -> 0 | L14: =IF(OR(B14=1,E14=1),1,0) -> 0 | M14: =IF(OR(C14=1,E14=1),1,0) -> 1 | N14: =IF(OR(A14=1,F14=1),1,0) -> 0 | O14: =IF(OR(B14=1,F14=1),1,0) -> 0 | P14: =IF(OR(C14=1,F14=1),1,0) -> 1 | Q14: =SUM(H14:P14) -> 5 | R14: =SUM(A14:F14) -> 2 | S14: =COMBIN(30-$Q14,$S$1-$Q14) -> 12650
... A51: 1 | B51: 1 | C51: 1 | D51: 1 | E51: 1 | F51: 1 | H51: =IF(OR(A51=1,D51=1),1,0) -> 1 | I51: =IF(OR(B51=1,D51=1),1,0) -> 1 | J51: =IF(OR(C51=1,D51=1),1,0) -> 1 | K51: =IF(OR(A51=1,E51=1),1,0) -> 1 | L51: =IF(OR(B51=1,E51=1),1,0) -> 1 | M51: =IF(OR(C51=1,E51=1),1,0) -> 1 | N51: =IF(OR(A51=1,F51=1),1,0) -> 1 | O51: =IF(OR(B51=1,F51=1),1,0) -> 1 | P51: =IF(OR(C51=1,F51=1),1,0) -> 1 | Q51: =SUM(H51:P51) -> 9 | R51: =SUM(A51:F51) -> 6 | S51: =COMBIN(30-$Q51,$S$1-$Q51) -> 1

Sheet rtp before multiplier
A1: choose | B1: slot | C1: line | D1: combinations | E1: original combination | F1: 扣掉得分更高的重复可能 | G1: 总可能 | H1: 几率 | I1: 倍率 | J1: RTP
A2: 9 | B2: 0 | C2: 0 | D2: =COUNTIFS('ball combine if not wild'!Q:Q,"="&'rtp before multiplier'!B2,'ball combine if not wild'!R:R,"="&'rtp before multiplier'!C2) -> 1 | E2: =SUMIFS('ball combine if not wild'!S:S,'ball combine if not wild'!Q:Q,"="&'rtp before multiplier'!B2,'ball combine if not wild'!R:R,"="&'rtp before multiplier'!C2)/D2 -> 14307150 | G2: =E2-SUM(G3:G8) -> 12652727 | H2: =G2/$E$2 -> 0.8843639
A3: 9 | B3: 3 | C3: 1 | D3: =COUNTIFS('ball combine if not wild'!Q:Q,"="&'rtp before multiplier'!B3,'ball combine if not wild'!R:R,"="&'rtp before multiplier'!C3) -> 6 | E3: =SUMIFS('ball combine if not wild'!S:S,'ball combine if not wild'!Q:Q,"="&'rtp before multiplier'!B3,'ball combine if not wild'!R:R,"="&'rtp before multiplier'!C3)/D3 -> 296010 | F3: =E3-F4*3-F5*2-F6*9-F7*6-E8 -> 256158 | G3: =F3*D3 -> 1536948 | H3: =G3/$E$2 -> 0.10742517 | I3: 2 | J3: =H3*I3 -> 0.21485034 | P3: 9 | Q3: 10 | R3: 11 | S3: 12 | T3: 13
A4: 9 | B4: 5 | C4: 2 | D4: =COUNTIFS('ball combine if not wild'!Q:Q,"="&'rtp before multiplier'!B4,'ball combine if not wild'!R:R,"="&'rtp before multiplier'!C4) -> 9 | E4: =SUMIFS('ball combine if not wild'!S:S,'ball combine if not wild'!Q:Q,"="&'rtp before multiplier'!B4,'ball combine if not wild'!R:R,"="&'rtp before multiplier'!C4)/D4 -> 12650 | F4: =E4-F6*4-F7*4-E8 -> 11725 | G4: =F4*D4 -> 105525 | H4: =G4/$E$2 -> 0.0073756828 | I4: 5 | J4: =H4*I4 -> 0.036878414 | O4: probability | P4: 0.70967742 | Q4: 0.087096774 | R4: 0.11612903 | S4: 0.058064516 | T4: 0.029032258
A5: 9 | B5: 6 | C5: 2 | D5: =COUNTIFS('ball combine if not wild'!Q:Q,"="&'rtp before multiplier'!B5,'ball combine if not wild'!R:R,"="&'rtp before multiplier'!C5) -> 6 | E5: =SUMIFS('ball combine if not wild'!S:S,'ball combine if not wild'!Q:Q,"="&'rtp before multiplier'!B5,'ball combine if not wild'!R:R,"="&'rtp before multiplier'!C5)/D5 -> 2024 | F5: =E5-F6*3-F7*3-E8 -> 1330 | G5: =F5*D5 -> 7980 | H5: =G5/$E$2 -> 0.00055776308 | I5: 5 | J5: =H5*I5 -> 0.0027888154 | O5: 1 | P5: {=INDEX($H:$H,MATCH(1,($A:$A=P$3)*($C:$C=$O5),0))} -> 0.10742517 | Q5: {=INDEX($H:$H,MATCH(1,($A:$A=Q$3)*($C:$C=$O5),0))} -> 0.14417606 | R5: {=INDEX($H:$H,MATCH(1,($A:$A=R$3)*($C:$C=$O5),0))} -> 0.18391156 | S5: {=INDEX($H:$H,MATCH(1,($A:$A=S$3)*($C:$C=$O5),0))} -> 0.22446711 | T5: {=INDEX($H:$H,MATCH(1,($A:$A=T$3)*($C:$C=$O5),0))} -> 0.26331977
A6: 9 | B6: 7 | C6: 3 | D6: =COUNTIFS('ball combine if not wild'!Q:Q,"="&'rtp before multiplier'!B6,'ball combine if not wild'!R:R,"="&'rtp before multiplier'!C6) -> 18 | E6: =SUMIFS('ball combine if not wild'!S:S,'ball combine if not wild'!Q:Q,"="&'rtp before multiplier'!B6,'ball combine if not wild'!R:R,"="&'rtp before multiplier'!C6)/D6 -> 253 | F6: =E6-F7*2-E8 -> 210 | G6: =F6*D6 -> 3780 | H6: =G6/$E$2 -> 0.00026420356 | I6: 25 | J6: =H6*I6 -> 0.0066050891 | O6: 2 | P6: {=INDEX($H:$H,MATCH(1,($A:$A=P$3)*($C:$C=$O6),0))} -> 0.0073756828 | Q6: {=INDEX($H:$H,MATCH(1,($A:$A=Q$3)*($C:$C=$O6),0))} -> 0.014063598 | R6: {=INDEX($H:$H,MATCH(1,($A:$A=R$3)*($C:$C=$O6),0))} -> 0.024322454 | S6: {=INDEX($H:$H,MATCH(1,($A:$A=S$3)*($C:$C=$O6),0))} -> 0.038919881 | T6: {=INDEX($H:$H,MATCH(1,($A:$A=T$3)*($C:$C=$O6),0))} -> 0.058402227
A7: 9 | B7: 8 | C7: 4 | D7: =COUNTIFS('ball combine if not wild'!Q:Q,"="&'rtp before multiplier'!B7,'ball combine if not wild'!R:R,"="&'rtp before multiplier'!C7) -> 9 | E7: =SUMIFS('ball combine if not wild'!S:S,'ball combine if not wild'!Q:Q,"="&'rtp before multiplier'!B7,'ball combine if not wild'!R:R,"="&'rtp before multiplier'!C7)/D7 -> 22 | F7: =E7-E8 -> 21 | G7: =F7*D7 -> 189 | H7: =G7/$E$2 -> 1.3210178e-05 | I7: 50 | J7: =H7*I7 -> 0.00066050891 | O7: 3 | P7: {=INDEX($H:$H,MATCH(1,($A:$A=P$3)*($C:$C=$O7),0))} -> 0.00026420356 | Q7: {=INDEX($H:$H,MATCH(1,($A:$A=Q$3)*($C:$C=$O7),0))} -> 0.0007968044 | R7: {=INDEX($H:$H,MATCH(1,($A:$A=R$3)*($C:$C=$O7),0))} -> 0.0019720909 | S7: {=INDEX($H:$H,MATCH(1,($A:$A=S$3)*($C:$C=$O7),0))} -> 0.0042348057 | T7: {=INDEX($H:$H,MATCH(1,($A:$A=T$3)*($C:$C=$O7),0))} -> 0.008155922
A8: 9 | B8: 9 | C8: 6 | D8: =COUNTIFS('ball combine if not wild'!Q:Q,"="&'rtp before multiplier'!B8,'ball combine if not wild'!R:R,"="&'rtp before multiplier'!C8) -> 1 | E8: =SUMIFS('ball combine if not wild'!S:S,'ball combine if not wild'!Q:Q,"="&'rtp before multiplier'!B8,'ball combine if not wild'!R:R,"="&'rtp before multiplier'!C8)/D8 -> 1 | F8: =E8 -> 1 | G8: =F8*D8 -> 1 | H8: =G8/$E$2 -> 6.9895122e-08 | I8: 250 | J8: =H8*I8 -> 1.7473781e-05 | O8: 4 | P8: {=INDEX($H:$H,MATCH(1,($A:$A=P$3)*($C:$C=$O8),0))} -> 1.3210178e-05 | Q8: {=INDEX($H:$H,MATCH(1,($A:$A=Q$3)*($C:$C=$O8),0))} -> 6.290561e-05 | R8: {=INDEX($H:$H,MATCH(1,($A:$A=R$3)*($C:$C=$O8),0))} -> 0.00021912121 | S8: {=INDEX($H:$H,MATCH(1,($A:$A=S$3)*($C:$C=$O8),0))} -> 0.00062276554 | T8: {=INDEX($H:$H,MATCH(1,($A:$A=T$3)*($C:$C=$O8),0))} -> 0.0015292354
A9: 10 | B9: 0 | C9: 0 | D9: =COUNTIFS('ball combine if not wild'!Q:Q,"="&'rtp before multiplier'!B9,'ball combine if not wild'!R:R,"="&'rtp before multiplier'!C9) -> 1 | E9: =SUMIFS('ball combine if wild'!S:S,'ball combine if wild'!Q:Q,"="&'rtp before multiplier'!B9,'ball combine if wild'!R:R,"="&'rtp before multiplier'!C9)/D9 -> 30045015 | G9: =E9-SUM(G10:G15) -> 25228941 | H9: =G9/$E$9 -> 0.83970472 | O9: 6 | P9: {=INDEX($H:$H,MATCH(1,($A:$A=P$3)*($C:$C=$O9),0))} -> 6.9895122e-08 | Q9: {=INDEX($H:$H,MATCH(1,($A:$A=Q$3)*($C:$C=$O9),0))} -> 6.9895122e-07 | R9: {=INDEX($H:$H,MATCH(1,($A:$A=R$3)*($C:$C=$O9),0))} -> 3.8442317e-06 | S9: {=INDEX($H:$H,MATCH(1,($A:$A=S$3)*($C:$C=$O9),0))} -> 1.5376927e-05 | T9: {=INDEX($H:$H,MATCH(1,($A:$A=T$3)*($C:$C=$O9),0))} -> 4.9975012e-05
A10: 10 | B10: 3 | C10: 1 | D10: =COUNTIFS('ball combine if not wild'!Q:Q,"="&'rtp before multiplier'!B10,'ball combine if not wild'!R:R,"="&'rtp before multiplier'!C10) -> 6 | E10: =SUMIFS('ball combine if wild'!S:S,'ball combine if wild'!Q:Q,"="&'rtp before multiplier'!B10,'ball combine if wild'!R:R,"="&'rtp before multiplier'!C10)/D10 -> 888030 | F10: =E10-F11*3-F12*2-F13*9-F14*6-E15 -> 721962 | G10: =F10*D10 -> 4331772 | H10: =G10/$E$9 -> 0.14417606 | I10: 2 | J10: =H10*I10 -> 0.28835213
A11: 10 | B11: 5 | C11: 2 | D11: =COUNTIFS('ball combine if not wild'!Q:Q,"="&'rtp before multiplier'!B11,'ball combine if not wild'!R:R,"="&'rtp before multiplier'!C11) -> 9 | E11: =SUMIFS('ball combine if wild'!S:S,'ball combine if wild'!Q:Q,"="&'rtp before multiplier'!B11,'ball combine if wild'!R:R,"="&'rtp before multiplier'!C11)/D11 -> 53130 | F11: =E11-F13*4-F14*4-E15 -> 46949 | G11: =F11*D11 -> 422541 | H11: =G11/$E$9 -> 0.014063598 | I11: 5 | J11: =H11*I11 -> 0.070317988
A12: 10 | B12: 6 | C12: 2 | D12: =COUNTIFS('ball combine if not wild'!Q:Q,"="&'rtp before multiplier'!B12,'ball combine if not wild'!R:R,"="&'rtp before multiplier'!C12) -> 6 | E12: =SUMIFS('ball combine if wild'!S:S,'ball combine if wild'!Q:Q,"="&'rtp before multiplier'!B12,'ball combine if wild'!R:R,"="&'rtp before multiplier'!C12)/D12 -> 10626 | F12: =E12-F13*3-F14*3-E15 -> 5985 | G12: =F12*D12 -> 35910 | H12: =G12/$E$9 -> 0.0011952066 | I12: 5 | J12: =H12*I12 -> 0.005976033
A13: 10 | B13: 7 | C13: 3 | D13: =COUNTIFS('ball combine if not wild'!Q:Q,"="&'rtp before multiplier'!B13,'ball combine if not wild'!R:R,"="&'rtp before multiplier'!C13) -> 18 | E13: =SUMIFS('ball combine if wild'!S:S,'ball combine if wild'!Q:Q,"="&'rtp before multiplier'!B13,'ball combine if wild'!R:R,"="&'rtp before multiplier'!C13)/D13 -> 1771 | F13: =E13-F14*2-E15 -> 1330 | G13: =F13*D13 -> 23940 | H13: =G13/$E$9 -> 0.0007968044 | I13: 25 | J13: =H13*I13 -> 0.01992011
A14: 10 | B14: 8 | C14: 4 | D14: =COUNTIFS('ball combine if not wild'!Q:Q,"="&'rtp before multiplier'!B14,'ball combine if not wild'!R:R,"="&'rtp before multiplier'!C14) -> 9 | E14: =SUMIFS('ball combine if wild'!S:S,'ball combine if wild'!Q:Q,"="&'rtp before multiplier'!B14,'ball combine if wild'!R:R,"="&'rtp before multiplier'!C14)/D14 -> 231 | F14: =E14-E15 -> 210 | G14: =F14*D14 -> 1890 | H14: =G14/$E$9 -> 6.290561e-05 | I14: 50 | J14: =H14*I14 -> 0.0031452805 | O14: 1 | P14: =SUMPRODUCT($P$4:$T$4,P5:T5) -> 0.1308303
A15: 10 | B15: 9 | C15: 6 | D15: =COUNTIFS('ball combine if not wild'!Q:Q,"="&'rtp before multiplier'!B15,'ball combine if not wild'!R:R,"="&'rtp before multiplier'!C15) -> 1 | E15: =SUMIFS('ball combine if wild'!S:S,'ball combine if wild'!Q:Q,"="&'rtp before multiplier'!B15,'ball combine if wild'!R:R,"="&'rtp before multiplier'!C15)/D15 -> 21 | F15: =E15 -> 21 | G15: =F15*D15 -> 21 | H15: =G15/$E$9 -> 6.9895122e-07 | I15: 250 | J15: =H15*I15 -> 0.00017473781 | O15: 2 | P15: =SUMPRODUCT($P$4:$T$4,P6:T6) -> 0.013239205
A16: 11 | B16: 0 | C16: 0 | D16: =COUNTIFS('ball combine if not wild'!Q:Q,"="&'rtp before multiplier'!B16,'ball combine if not wild'!R:R,"="&'rtp before multiplier'!C16) -> 1 | E16: =SUMIFS('ball combine if wild'!T:T,'ball combine if wild'!Q:Q,"="&'rtp before multiplier'!B16,'ball combine if wild'!R:R,"="&'rtp before multiplier'!C16)/D16 -> 54627300 | G16: =E16-SUM(G17:G22) -> 43010034 | H16: =G16/$E$16 -> 0.78733589 | O16: 3 | P16: =SUMPRODUCT($P$4:$T$4,P7:T7) -> 0.00096859218
A17: 11 | B17: 3 | C17: 1 | D17: =COUNTIFS('ball combine if not wild'!Q:Q,"="&'rtp before multiplier'!B17,'ball combine if not wild'!R:R,"="&'rtp before multiplier'!C17) -> 6 | E17: =SUMIFS('ball combine if wild'!T:T,'ball combine if wild'!Q:Q,"="&'rtp before multiplier'!B17,'ball combine if wild'!R:R,"="&'rtp before multiplier'!C17)/D17 -> 2220075 | F17: =E17-F18*3-F19*2-F20*9-F21*6-E22 -> 1674432 | G17: =F17*D17 -> 10046592 | H17: =G17/$E$16 -> 0.18391156 | I17: 2 | J17: =H17*I17 -> 0.36782312 | O17: 4 | P17: =SUMPRODUCT($P$4:$T$4,P8:T8) -> 0.00012085791
A18: 11 | B18: 5 | C18: 2 | D18: =COUNTIFS('ball combine if not wild'!Q:Q,"="&'rtp before multiplier'!B18,'ball combine if not wild'!R:R,"="&'rtp before multiplier'!C18) -> 9 | E18: =SUMIFS('ball combine if wild'!T:T,'ball combine if wild'!Q:Q,"="&'rtp before multiplier'!B18,'ball combine if wild'!R:R,"="&'rtp before multiplier'!C18)/D18 -> 177100 | F18: =E18-F20*4-F21*4-E22 -> 147630 | G18: =F18*D18 -> 1328670 | H18: =G18/$E$16 -> 0.024322454 | I18: 5 | J18: =H18*I18 -> 0.12161227 | O18: 6 | P18: =SUMPRODUCT($P$4:$T$4,P9:T9) -> 2.9006476e-06
A19: 11 | B19: 6 | C19: 2 | D19: =COUNTIFS('ball combine if not wild'!Q:Q,"="&'rtp before multiplier'!B19,'ball combine if not wild'!R:R,"="&'rtp before multiplier'!C19) -> 6 | E19: =SUMIFS('ball combine if wild'!T:T,'ball combine if wild'!Q:Q,"="&'rtp before multiplier'!B19,'ball combine if wild'!R:R,"="&'rtp before multiplier'!C19)/D19 -> 42504 | F19: =E19-F20*3-F21*3-E22 -> 20349 | G19: =F19*D19 -> 122094 | H19: =G19/$E$16 -> 0.0022350363 | I19: 5 | J19: =H19*I19 -> 0.011175182
A20: 11 | B20: 7 | C20: 3 | D20: =COUNTIFS('ball combine if not wild'!Q:Q,"="&'rtp before multiplier'!B20,'ball combine if not wild'!R:R,"="&'rtp before multiplier'!C20) -> 18 | E20: =SUMIFS('ball combine if wild'!T:T,'ball combine if wild'!Q:Q,"="&'rtp before multiplier'!B20,'ball combine if wild'!R:R,"="&'rtp before multiplier'!C20)/D20 -> 8855 | F20: =E20-F21*2-E22 -> 5985 | G20: =F20*D20 -> 107730 | H20: =G20/$E$16 -> 0.0019720909 | I20: 25 | J20: =H20*I20 -> 0.049302272
A21: 11 | B21: 8 | C21: 4 | D21: =COUNTIFS('ball combine if not wild'!Q:Q,"="&'rtp before multiplier'!B21,'ball combine if not wild'!R:R,"="&'rtp before multiplier'!C21) -> 9 | E21: =SUMIFS('ball combine if wild'!T:T,'ball combine if wild'!Q:Q,"="&'rtp before multiplier'!B21,'ball combine if wild'!R:R,"="&'rtp before multiplier'!C21)/D21 -> 1540 | F21: =E21-E22 -> 1330 | G21: =F21*D21 -> 11970 | H21: =G21/$E$16 -> 0.00021912121 | I21: 50 | J21: =H21*I21 -> 0.01095606
A22: 11 | B22: 9 | C22: 6 | D22: =COUNTIFS('ball combine if not wild'!Q:Q,"="&'rtp before multiplier'!B22,'ball combine if not wild'!R:R,"="&'rtp before multiplier'!C22) -> 1 | E22: =SUMIFS('ball combine if wild'!T:T,'ball combine if wild'!Q:Q,"="&'rtp before multiplier'!B22,'ball combine if wild'!R:R,"="&'rtp before multiplier'!C22)/D22 -> 210 | F22: =E22 -> 210 | G22: =F22*D22 -> 210 | H22: =G22/$E$16 -> 3.8442317e-06 | I22: 250 | J22: =H22*I22 -> 0.00096105793
A23: 12 | B23: 0 | C23: 0 | D23: =COUNTIFS('ball combine if not wild'!Q:Q,"="&'rtp before multiplier'!B23,'ball combine if not wild'!R:R,"="&'rtp before multiplier'!C23) -> 1 | E23: =SUMIFS('ball combine if wild'!U:U,'ball combine if wild'!Q:Q,"="&'rtp before multiplier'!B23,'ball combine if wild'!R:R,"="&'rtp before multiplier'!C23)/D23 -> 86493225 | G23: =E23-SUM(G24:G29) -> 62964974 | H23: =G23/$E$23 -> 0.72797579
A24: 12 | B24: 3 | C24: 1 | D24: =COUNTIFS('ball combine if not wild'!Q:Q,"="&'rtp before multiplier'!B24,'ball combine if not wild'!R:R,"="&'rtp before multiplier'!C24) -> 6 | E24: =SUMIFS('ball combine if wild'!U:U,'ball combine if wild'!Q:Q,"="&'rtp before multiplier'!B24,'ball combine if wild'!R:R,"="&'rtp before multiplier'!C24)/D24 -> 4686825 | F24: =E24-F25*3-F26*2-F27*9-F28*6-E29 -> 3235814 | G24: =F24*D24 -> 19414884 | H24: =G24/$E$23 -> 0.22446711 | I24: 2 | J24: =H24*I24 -> 0.44893421
A25: 12 | B25: 5 | C25: 2 | D25: =COUNTIFS('ball combine if not wild'!Q:Q,"="&'rtp before multiplier'!B25,'ball combine if not wild'!R:R,"="&'rtp before multiplier'!C25) -> 9 | E25: =SUMIFS('ball combine if wild'!U:U,'ball combine if wild'!Q:Q,"="&'rtp before multiplier'!B25,'ball combine if wild'!R:R,"="&'rtp before multiplier'!C25)/D25 -> 480700 | F25: =E25-F27*4-F28*4-E29 -> 374034 | G25: =F25*D25 -> 3366306 | H25: =G25/$E$23 -> 0.038919881 | I25: 5 | J25: =H25*I25 -> 0.1945994
A26: 12 | B26: 6 | C26: 2 | D26: =COUNTIFS('ball combine if not wild'!Q:Q,"="&'rtp before multiplier'!B26,'ball combine if not wild'!R:R,"="&'rtp before multiplier'!C26) -> 6 | E26: =SUMIFS('ball combine if wild'!U:U,'ball combine if wild'!Q:Q,"="&'rtp before multiplier'!B26,'ball combine if wild'!R:R,"="&'rtp before multiplier'!C26)/D26 -> 134596 | F26: =E26-F27*3-F28*3-E29 -> 54264 | G26: =F26*D26 -> 325584 | H26: =G26/$E$23 -> 0.0037642717 | I26: 5 | J26: =H26*I26 -> 0.018821359
A27: 12 | B27: 7 | C27: 3 | D27: =COUNTIFS('ball combine if not wild'!Q:Q,"="&'rtp before multiplier'!B27,'ball combine if not wild'!R:R,"="&'rtp before multiplier'!C27) -> 18 | E27: =SUMIFS('ball combine if wild'!U:U,'ball combine if wild'!Q:Q,"="&'rtp before multiplier'!B27,'ball combine if wild'!R:R,"="&'rtp before multiplier'!C27)/D27 -> 33649 | F27: =E27-F28*2-E29 -> 20349 | G27: =F27*D27 -> 366282 | H27: =G27/$E$23 -> 0.0042348057 | I27: 25 | J27: =H27*I27 -> 0.10587014
A28: 12 | B28: 8 | C28: 4 | D28: =COUNTIFS('ball combine if not wild'!Q:Q,"="&'rtp before multiplier'!B28,'ball combine if not wild'!R:R,"="&'rtp before multiplier'!C28) -> 9 | E28: =SUMIFS('ball combine if wild'!U:U,'ball combine if wild'!Q:Q,"="&'rtp before multiplier'!B28,'ball combine if wild'!R:R,"="&'rtp before multiplier'!C28)/D28 -> 7315 | F28: =E28-E29 -> 5985 | G28: =F28*D28 -> 53865 | H28: =G28/$E$23 -> 0.00062276554 | I28: 50 | J28: =H28*I28 -> 0.031138277
A29: 12 | B29: 9 | C29: 6 | D29: =COUNTIFS('ball combine if not wild'!Q:Q,"="&'rtp before multiplier'!B29,'ball combine if not wild'!R:R,"="&'rtp before multiplier'!C29) -> 1 | E29: =SUMIFS('ball combine if wild'!U:U,'ball combine if wild'!Q:Q,"="&'rtp before multiplier'!B29,'ball combine if wild'!R:R,"="&'rtp before multiplier'!C29)/D29 -> 1330 | F29: =E29 -> 1330 | G29: =F29*D29 -> 1330 | H29: =G29/$E$23 -> 1.5376927e-05 | I29: 250 | J29: =H29*I29 -> 0.0038442317
A30: 13 | B30: 0 | C30: 0 | D30: =COUNTIFS('ball combine if not wild'!Q:Q,"="&'rtp before multiplier'!B30,'ball combine if not wild'!R:R,"="&'rtp before multiplier'!C30) -> 1 | E30: =SUMIFS('ball combine if wild'!V:V,'ball combine if wild'!Q:Q,"="&'rtp before multiplier'!B30,'ball combine if wild'!R:R,"="&'rtp before multiplier'!C30)/D30 -> 119759850 | G30: =E30-SUM(G31:G36) -> 79366914 | H30: =G30/$E$30 -> 0.66271721
A31: 13 | B31: 3 | C31: 1 | D31: =COUNTIFS('ball combine if not wild'!Q:Q,"="&'rtp before multiplier'!B31,'ball combine if not wild'!R:R,"="&'rtp before multiplier'!C31) -> 6 | E31: =SUMIFS('ball combine if wild'!V:V,'ball combine if wild'!Q:Q,"="&'rtp before multiplier'!B31,'ball combine if wild'!R:R,"="&'rtp before multiplier'!C31)/D31 -> 8436285 | F31: =E31-F32*3-F33*2-F34*9-F35*6-E36 -> 5255856 | G31: =F31*D31 -> 31535136 | H31: =G31/$E$30 -> 0.26331977 | I31: 2 | J31: =H31*I31 -> 0.52663954
A32: 13 | B32: 5 | C32: 2 | D32: =COUNTIFS('ball combine if not wild'!Q:Q,"="&'rtp before multiplier'!B32,'ball combine if not wild'!R:R,"="&'rtp before multiplier'!C32) -> 9 | E32: =SUMIFS('ball combine if wild'!V:V,'ball combine if wild'!Q:Q,"="&'rtp before multiplier'!B32,'ball combine if wild'!R:R,"="&'rtp before multiplier'!C32)/D32 -> 1081575 | F32: =E32-F34*4-F35*4-E36 -> 777138 | G32: =F32*D32 -> 6994242 | H32: =G32/$E$30 -> 0.058402227 | I32: 5 | J32: =H32*I32 -> 0.29201114
A33: 13 | B33: 6 | C33: 2 | D33: =COUNTIFS('ball combine if not wild'!Q:Q,"="&'rtp before multiplier'!B33,'ball combine if not wild'!R:R,"="&'rtp before multiplier'!C33) -> 6 | E33: =SUMIFS('ball combine if wild'!V:V,'ball combine if wild'!Q:Q,"="&'rtp before multiplier'!B33,'ball combine if wild'!R:R,"="&'rtp before multiplier'!C33)/D33 -> 346104 | F33: =E33-F34*3-F35*3-E36 -> 116280 | G33: =F33*D33 -> 697680 | H33: =G33/$E$30 -> 0.0058256586 | I33: 5 | J33: =H33*I33 -> 0.029128293
A34: 13 | B34: 7 | C34: 3 | D34: =COUNTIFS('ball combine if not wild'!Q:Q,"="&'rtp before multiplier'!B34,'ball combine if not wild'!R:R,"="&'rtp before multiplier'!C34) -> 18 | E34: =SUMIFS('ball combine if wild'!V:V,'ball combine if wild'!Q:Q,"="&'rtp before multiplier'!B34,'ball combine if wild'!R:R,"="&'rtp before multiplier'!C34)/D34 -> 100947 | F34: =E34-F35*2-E36 -> 54264 | G34: =F34*D34 -> 976752 | H34: =G34/$E$30 -> 0.008155922 | I34: 25 | J34: =H34*I34 -> 0.20389805
A35: 13 | B35: 8 | C35: 4 | D35: =COUNTIFS('ball combine if not wild'!Q:Q,"="&'rtp before multiplier'!B35,'ball combine if not wild'!R:R,"="&'rtp before multiplier'!C35) -> 9 | E35: =SUMIFS('ball combine if wild'!V:V,'ball combine if wild'!Q:Q,"="&'rtp before multiplier'!B35,'ball combine if wild'!R:R,"="&'rtp before multiplier'!C35)/D35 -> 26334 | F35: =E35-E36 -> 20349 | G35: =F35*D35 -> 183141 | H35: =G35/$E$30 -> 0.0015292354 | I35: 50 | J35: =H35*I35 -> 0.076461769
A36: 13 | B36: 9 | C36: 6 | D36: =COUNTIFS('ball combine if not wild'!Q:Q,"="&'rtp before multiplier'!B36,'ball combine if not wild'!R:R,"="&'rtp before multiplier'!C36) -> 1 | E36: =SUMIFS('ball combine if wild'!V:V,'ball combine if wild'!Q:Q,"="&'rtp before multiplier'!B36,'ball combine if wild'!R:R,"="&'rtp before multiplier'!C36)/D36 -> 5985 | F36: =E36 -> 5985 | G36: =F36*D36 -> 5985 | H36: =G36/$E$30 -> 4.9975012e-05 | I36: 250 | J36: =H36*I36 -> 0.012493753

Sheet multipier
F1: 第一颗 | I1: =SUM(H2:H5) -> 2.76 | K1: 第一颗 | L1: 第二颗 | M1: 总倍率 | N1: 出现几率 | P1: =SUM(O:O) -> 7.6176 | R1: 第一颗 | S1: 第二颗 | T1: 第三颗 | U1: 总倍率 | V1: 出现几率 | X1: =SUM(W:W) -> 21.024576 | Z1: 第一颗 | AA1: 第二颗 | AB1: 第三颗 | AC1: 第四颗 | AD1: 总倍率 | AE1: 出现几率 | AG1: =SUM(AF:AF) -> 58.02783 | AI1: 第一颗 | AJ1: 第二颗 | AK1: 第三颗 | AL1: 第四颗 | AM1: 第五颗 | AN1: 总倍率 | AO1: 出现几率 | AQ1: =SUM(AP:AP) -> 160.15681
F2: 2 | G2: =C3 -> 0.6 | H2: =F2*G2 -> 1.2 | K2: {=MID(_xlfn.BASE(_xlfn.SEQUENCE(4^2,,0), 4, 2), _xlfn.SEQUENCE(1,2), 1) + 2} -> 2 | L2: 2 | M2: =K2*L2 -> 4 | N2: {=PRODUCT(_xlfn.XLOOKUP(K2:L2,$B$3:$B$6,$C$3:$C$6))} -> 0.36 | O2: =M2*N2 -> 1.44 | R2: {=MID(_xlfn.BASE(_xlfn.SEQUENCE(4^3,,0), 4, 3), _xlfn.SEQUENCE(1,3), 1) + 2} -> 2 | S2: 2 | T2: 2 | U2: =PRODUCT(R2:T2) -> 8 | V2: {=PRODUCT(_xlfn.XLOOKUP(R2:T2,$B$3:$B$6,$C$3:$C$6))} -> 0.216 | W2: =U2*V2 -> 1.728 | Z2: {=MID(_xlfn.BASE(_xlfn.SEQUENCE(4^4,,0), 4, 4), _xlfn.SEQUENCE(1,4), 1) + 2} -> 2 | AA2: 2 | AB2: 2 | AC2: 2 | AD2: =PRODUCT(Z2:AC2) -> 16 | AE2: {=PRODUCT(_xlfn.XLOOKUP(Z2:AC2,$B$3:$B$6,$C$3:$C$6))} -> 0.1296 | AF2: =AD2*AE2 -> 2.0736 | AI2: {=MID(_xlfn.BASE(_xlfn.SEQUENCE(4^5,,0), 4, 5), _xlfn.SEQUENCE(1,5), 1) + 2} -> 2 | AJ2: 2 | AK2: 2 | AL2: 2 | AM2: 2 | AN2: =PRODUCT(AI2:AM2) -> 32 | AO2: {=PRODUCT(_xlfn.XLOOKUP(AI2:AM2,$B$3:$B$6,$C$3:$C$6))} -> 0.07776 | AP2: =AN2*AO2 -> 2.48832
B3: 2 | C3: 0.6 | F3: 3 | G3: =C4 -> 0.22 | H3: =F3*G3 -> 0.66 | K3: 2 | L3: 3 | M3: =K3*L3 -> 6 | N3: {=PRODUCT(_xlfn.XLOOKUP(K3:L3,$B$3:$B$6,$C$3:$C$6))} -> 0.132 | O3: =M3*N3 -> 0.792 | R3: 2 | S3: 2 | T3: 3 | U3: =PRODUCT(R3:T3) -> 12 | V3: {=PRODUCT(_xlfn.XLOOKUP(R3:T3,$B$3:$B$6,$C$3:$C$6))} -> 0.0792 | W3: =U3*V3 -> 0.9504 | Z3: 2 | AA3: 2 | AB3: 2 | AC3: 3 | AD3: =PRODUCT(Z3:AC3) -> 24 | AE3: {=PRODUCT(_xlfn.XLOOKUP(Z3:AC3,$B$3:$B$6,$C$3:$C$6))} -> 0.04752 | AF3: =AD3*AE3 -> 1.14048 | AI3: 2 | AJ3: 2 | AK3: 2 | AL3: 2 | AM3: 3 | AN3: =PRODUCT(AI3:AM3) -> 48 | AO3: {=PRODUCT(_xlfn.XLOOKUP(AI3:AM3,$B$3:$B$6,$C$3:$C$6))} -> 0.028512 | AP3: =AN3*AO3 -> 1.368576
B4: 3 | C4: 0.22 | F4: 4 | G4: =C5 -> 0 | H4: =F4*G4 -> 0 | K4: 2 | L4: 4 | M4: =K4*L4 -> 8 | N4: {=PRODUCT(_xlfn.XLOOKUP(K4:L4,$B$3:$B$6,$C$3:$C$6))} -> 0 | O4: =M4*N4 -> 0 | R4: 2 | S4: 2 | T4: 4 | U4: =PRODUCT(R4:T4) -> 16 | V4: {=PRODUCT(_xlfn.XLOOKUP(R4:T4,$B$3:$B$6,$C$3:$C$6))} -> 0 | W4: =U4*V4 -> 0 | Z4: 2 | AA4: 2 | AB4: 2 | AC4: 4 | AD4: =PRODUCT(Z4:AC4) -> 32 | AE4: {=PRODUCT(_xlfn.XLOOKUP(Z4:AC4,$B$3:$B$6,$C$3:$C$6))} -> 0 | AF4: =AD4*AE4 -> 0 | AI4: 2 | AJ4: 2 | AK4: 2 | AL4: 2 | AM4: 4 | AN4: =PRODUCT(AI4:AM4) -> 64 | AO4: {=PRODUCT(_xlfn.XLOOKUP(AI4:AM4,$B$3:$B$6,$C$3:$C$6))} -> 0 | AP4: =AN4*AO4 -> 0
B5: 4 | C5: 0 | F5: 5 | G5: =C6 -> 0.18 | H5: =F5*G5 -> 0.9 | K5: 2 | L5: 5 | M5: =K5*L5 -> 10 | N5: {=PRODUCT(_xlfn.XLOOKUP(K5:L5,$B$3:$B$6,$C$3:$C$6))} -> 0.108 | O5: =M5*N5 -> 1.08 | R5: 2 | S5: 2 | T5: 5 | U5: =PRODUCT(R5:T5) -> 20 | V5: {=PRODUCT(_xlfn.XLOOKUP(R5:T5,$B$3:$B$6,$C$3:$C$6))} -> 0.0648 | W5: =U5*V5 -> 1.296 | Z5: 2 | AA5: 2 | AB5: 2 | AC5: 5 | AD5: =PRODUCT(Z5:AC5) -> 40 | AE5: {=PRODUCT(_xlfn.XLOOKUP(Z5:AC5,$B$3:$B$6,$C$3:$C$6))} -> 0.03888 | AF5: =AD5*AE5 -> 1.5552 | AI5: 2 | AJ5: 2 | AK5: 2 | AL5: 2 | AM5: 5 | AN5: =PRODUCT(AI5:AM5) -> 80 | AO5: {=PRODUCT(_xlfn.XLOOKUP(AI5:AM5,$B$3:$B$6,$C$3:$C$6))} -> 0.023328 | AP5: =AN5*AO5 -> 1.86624
B6: 5 | C6: 0.18 | K6: 3 | L6: 2 | M6: =K6*L6 -> 6 | N6: {=PRODUCT(_xlfn.XLOOKUP(K6:L6,$B$3:$B$6,$C$3:$C$6))} -> 0.132 | O6: =M6*N6 -> 0.792 | R6: 2 | S6: 3 | T6: 2 | U6: =PRODUCT(R6:T6) -> 12 | V6: {=PRODUCT(_xlfn.XLOOKUP(R6:T6,$B$3:$B$6,$C$3:$C$6))} -> 0.0792 | W6: =U6*V6 -> 0.9504 | Z6: 2 | AA6: 2 | AB6: 3 | AC6: 2 | AD6: =PRODUCT(Z6:AC6) -> 24 | AE6: {=PRODUCT(_xlfn.XLOOKUP(Z6:AC6,$B$3:$B$6,$C$3:$C$6))} -> 0.04752 | AF6: =AD6*AE6 -> 1.14048 | AI6: 2 | AJ6: 2 | AK6: 2 | AL6: 3 | AM6: 2 | AN6: =PRODUCT(AI6:AM6) -> 48 | AO6: {=PRODUCT(_xlfn.XLOOKUP(AI6:AM6,$B$3:$B$6,$C$3:$C$6))} -> 0.028512 | AP6: =AN6*AO6 -> 1.368576
K7: 3 | L7: 3 | M7: =K7*L7 -> 9 | N7: {=PRODUCT(_xlfn.XLOOKUP(K7:L7,$B$3:$B$6,$C$3:$C$6))} -> 0.0484 | O7: =M7*N7 -> 0.4356 | R7: 2 | S7: 3 | T7: 3 | U7: =PRODUCT(R7:T7) -> 18 | V7: {=PRODUCT(_xlfn.XLOOKUP(R7:T7,$B$3:$B$6,$C$3:$C$6))} -> 0.02904 | W7: =U7*V7 -> 0.52272 | Z7: 2 | AA7: 2 | AB7: 3 | AC7: 3 | AD7: =PRODUCT(Z7:AC7) -> 36 | AE7: {=PRODUCT(_xlfn.XLOOKUP(Z7:AC7,$B$3:$B$6,$C$3:$C$6))} -> 0.017424 | AF7: =AD7*AE7 -> 0.627264 | AI7: 2 | AJ7: 2 | AK7: 2 | AL7: 3 | AM7: 3 | AN7: =PRODUCT(AI7:AM7) -> 72 | AO7: {=PRODUCT(_xlfn.XLOOKUP(AI7:AM7,$B$3:$B$6,$C$3:$C$6))} -> 0.0104544 | AP7: =AN7*AO7 -> 0.7527168
K8: 3 | L8: 4 | M8: =K8*L8 -> 12 | N8: {=PRODUCT(_xlfn.XLOOKUP(K8:L8,$B$3:$B$6,$C$3:$C$6))} -> 0 | O8: =M8*N8 -> 0 | R8: 2 | S8: 3 | T8: 4 | U8: =PRODUCT(R8:T8) -> 24 | V8: {=PRODUCT(_xlfn.XLOOKUP(R8:T8,$B$3:$B$6,$C$3:$C$6))} -> 0 | W8: =U8*V8 -> 0 | Z8: 2 | AA8: 2 | AB8: 3 | AC8: 4 | AD8: =PRODUCT(Z8:AC8) -> 48 | AE8: {=PRODUCT(_xlfn.XLOOKUP(Z8:AC8,$B$3:$B$6,$C$3:$C$6))} -> 0 | AF8: =AD8*AE8 -> 0 | AI8: 2 | AJ8: 2 | AK8: 2 | AL8: 3 | AM8: 4 | AN8: =PRODUCT(AI8:AM8) -> 96 | AO8: {=PRODUCT(_xlfn.XLOOKUP(AI8:AM8,$B$3:$B$6,$C$3:$C$6))} -> 0 | AP8: =AN8*AO8 -> 0
K9: 3 | L9: 5 | M9: =K9*L9 -> 15 | N9: {=PRODUCT(_xlfn.XLOOKUP(K9:L9,$B$3:$B$6,$C$3:$C$6))} -> 0.0396 | O9: =M9*N9 -> 0.594 | R9: 2 | S9: 3 | T9: 5 | U9: =PRODUCT(R9:T9) -> 30 | V9: {=PRODUCT(_xlfn.XLOOKUP(R9:T9,$B$3:$B$6,$C$3:$C$6))} -> 0.02376 | W9: =U9*V9 -> 0.7128 | Z9: 2 | AA9: 2 | AB9: 3 | AC9: 5 | AD9: =PRODUCT(Z9:AC9) -> 60 | AE9: {=PRODUCT(_xlfn.XLOOKUP(Z9:AC9,$B$3:$B$6,$C$3:$C$6))} -> 0.014256 | AF9: =AD9*AE9 -> 0.85536 | AI9: 2 | AJ9: 2 | AK9: 2 | AL9: 3 | AM9: 5 | AN9: =PRODUCT(AI9:AM9) -> 120 | AO9: {=PRODUCT(_xlfn.XLOOKUP(AI9:AM9,$B$3:$B$6,$C$3:$C$6))} -> 0.0085536 | AP9: =AN9*AO9 -> 1.026432
K10: 4 | L10: 2 | M10: =K10*L10 -> 8 | N10: {=PRODUCT(_xlfn.XLOOKUP(K10:L10,$B$3:$B$6,$C$3:$C$6))} -> 0 | O10: =M10*N10 -> 0 | R10: 2 | S10: 4 | T10: 2 | U10: =PRODUCT(R10:T10) -> 16 | V10: {=PRODUCT(_xlfn.XLOOKUP(R10:T10,$B$3:$B$6,$C$3:$C$6))} -> 0 | W10: =U10*V10 -> 0 | Z10: 2 | AA10: 2 | AB10: 4 | AC10: 2 | AD10: =PRODUCT(Z10:AC10) -> 32 | AE10: {=PRODUCT(_xlfn.XLOOKUP(Z10:AC10,$B$3:$B$6,$C$3:$C$6))} -> 0 | AF10: =AD10*AE10 -> 0 | AI10: 2 | AJ10: 2 | AK10: 2 | AL10: 4 | AM10: 2 | AN10: =PRODUCT(AI10:AM10) -> 64 | AO10: {=PRODUCT(_xlfn.XLOOKUP(AI10:AM10,$B$3:$B$6,$C$3:$C$6))} -> 0 | AP10: =AN10*AO10 -> 0
K11: 4 | L11: 3 | M11: =K11*L11 -> 12 | N11: {=PRODUCT(_xlfn.XLOOKUP(K11:L11,$B$3:$B$6,$C$3:$C$6))} -> 0 | O11: =M11*N11 -> 0 | R11: 2 | S11: 4 | T11: 3 | U11: =PRODUCT(R11:T11) -> 24 | V11: {=PRODUCT(_xlfn.XLOOKUP(R11:T11,$B$3:$B$6,$C$3:$C$6))} -> 0 | W11: =U11*V11 -> 0 | Z11: 2 | AA11: 2 | AB11: 4 | AC11: 3 | AD11: =PRODUCT(Z11:AC11) -> 48 | AE11: {=PRODUCT(_xlfn.XLOOKUP(Z11:AC11,$B$3:$B$6,$C$3:$C$6))} -> 0 | AF11: =AD11*AE11 -> 0 | AI11: 2 | AJ11: 2 | AK11: 2 | AL11: 4 | AM11: 3 | AN11: =PRODUCT(AI11:AM11) -> 96 | AO11: {=PRODUCT(_xlfn.XLOOKUP(AI11:AM11,$B$3:$B$6,$C$3:$C$6))} -> 0 | AP11: =AN11*AO11 -> 0
K12: 4 | L12: 4 | M12: =K12*L12 -> 16 | N12: {=PRODUCT(_xlfn.XLOOKUP(K12:L12,$B$3:$B$6,$C$3:$C$6))} -> 0 | O12: =M12*N12 -> 0 | R12: 2 | S12: 4 | T12: 4 | U12: =PRODUCT(R12:T12) -> 32 | V12: {=PRODUCT(_xlfn.XLOOKUP(R12:T12,$B$3:$B$6,$C$3:$C$6))} -> 0 | W12: =U12*V12 -> 0 | Z12: 2 | AA12: 2 | AB12: 4 | AC12: 4 | AD12: =PRODUCT(Z12:AC12) -> 64 | AE12: {=PRODUCT(_xlfn.XLOOKUP(Z12:AC12,$B$3:$B$6,$C$3:$C$6))} -> 0 | AF12: =AD12*AE12 -> 0 | AI12: 2 | AJ12: 2 | AK12: 2 | AL12: 4 | AM12: 4 | AN12: =PRODUCT(AI12:AM12) -> 128 | AO12: {=PRODUCT(_xlfn.XLOOKUP(AI12:AM12,$B$3:$B$6,$C$3:$C$6))} -> 0 | AP12: =AN12*AO12 -> 0
K13: 4 | L13: 5 | M13: =K13*L13 -> 20 | N13: {=PRODUCT(_xlfn.XLOOKUP(K13:L13,$B$3:$B$6,$C$3:$C$6))} -> 0 | O13: =M13*N13 -> 0 | R13: 2 | S13: 4 | T13: 5 | U13: =PRODUCT(R13:T13) -> 40 | V13: {=PRODUCT(_xlfn.XLOOKUP(R13:T13,$B$3:$B$6,$C$3:$C$6))} -> 0 | W13: =U13*V13 -> 0 | Z13: 2 | AA13: 2 | AB13: 4 | AC13: 5 | AD13: =PRODUCT(Z13:AC13) -> 80 | AE13: {=PRODUCT(_xlfn.XLOOKUP(Z13:AC13,$B$3:$B$6,$C$3:$C$6))} -> 0 | AF13: =AD13*AE13 -> 0 | AI13: 2 | AJ13: 2 | AK13: 2 | AL13: 4 | AM13: 5 | AN13: =PRODUCT(AI13:AM13) -> 160 | AO13: {=PRODUCT(_xlfn.XLOOKUP(AI13:AM13,$B$3:$B$6,$C$3:$C$6))} -> 0 | AP13: =AN13*AO13 -> 0
K14: 5 | L14: 2 | M14: =K14*L14 -> 10 | N14: {=PRODUCT(_xlfn.XLOOKUP(K14:L14,$B$3:$B$6,$C$3:$C$6))} -> 0.108 | O14: =M14*N14 -> 1.08 | R14: 2 | S14: 5 | T14: 2 | U14: =PRODUCT(R14:T14) -> 20 | V14: {=PRODUCT(_xlfn.XLOOKUP(R14:T14,$B$3:$B$6,$C$3:$C$6))} -> 0.0648 | W14: =U14*V14 -> 1.296 | Z14: 2 | AA14: 2 | AB14: 5 | AC14: 2 | AD14: =PRODUCT(Z14:AC14) -> 40 | AE14: {=PRODUCT(_xlfn.XLOOKUP(Z14:AC14,$B$3:$B$6,$C$3:$C$6))} -> 0.03888 | AF14: =AD14*AE14 -> 1.5552 | AI14: 2 | AJ14: 2 | AK14: 2 | AL14: 5 | AM14: 2 | AN14: =PRODUCT(AI14:AM14) -> 80 | AO14: {=PRODUCT(_xlfn.XLOOKUP(AI14:AM14,$B$3:$B$6,$C$3:$C$6))} -> 0.023328 | AP14: =AN14*AO14 -> 1.86624
K15: 5 | L15: 3 | M15: =K15*L15 -> 15 | N15: {=PRODUCT(_xlfn.XLOOKUP(K15:L15,$B$3:$B$6,$C$3:$C$6))} -> 0.0396 | O15: =M15*N15 -> 0.594 | R15: 2 | S15: 5 | T15: 3 | U15: =PRODUCT(R15:T15) -> 30 | V15: {=PRODUCT(_xlfn.XLOOKUP(R15:T15,$B$3:$B$6,$C$3:$C$6))} -> 0.02376 | W15: =U15*V15 -> 0.7128 | Z15: 2 | AA15: 2 | AB15: 5 | AC15: 3 | AD15: =PRODUCT(Z15:AC15) -> 60 | AE15: {=PRODUCT(_xlfn.XLOOKUP(Z15:AC15,$B$3:$B$6,$C$3:$C$6))} -> 0.014256 | AF15: =AD15*AE15 -> 0.85536 | AI15: 2 | AJ15: 2 | AK15: 2 | AL15: 5 | AM15: 3 | AN15: =PRODUCT(AI15:AM15) -> 120 | AO15: {=PRODUCT(_xlfn.XLOOKUP(AI15:AM15,$B$3:$B$6,$C$3:$C$6))} -> 0.0085536 | AP15: =AN15*AO15 -> 1.026432
K16: 5 | L16: 4 | M16: =K16*L16 -> 20 | N16: {=PRODUCT(_xlfn.XLOOKUP(K16:L16,$B$3:$B$6,$C$3:$C$6))} -> 0 | O16: =M16*N16 -> 0 | R16: 2 | S16: 5 | T16: 4 | U16: =PRODUCT(R16:T16) -> 40 | V16: {=PRODUCT(_xlfn.XLOOKUP(R16:T16,$B$3:$B$6,$C$3:$C$6))} -> 0 | W16: =U16*V16 -> 0 | Z16: 2 | AA16: 2 | AB16: 5 | AC16: 4 | AD16: =PRODUCT(Z16:AC16) -> 80 | AE16: {=PRODUCT(_xlfn.XLOOKUP(Z16:AC16,$B$3:$B$6,$C$3:$C$6))} -> 0 | AF16: =AD16*AE16 -> 0 | AI16: 2 | AJ16: 2 | AK16: 2 | AL16: 5 | AM16: 4 | AN16: =PRODUCT(AI16:AM16) -> 160 | AO16: {=PRODUCT(_xlfn.XLOOKUP(AI16:AM16,$B$3:$B$6,$C$3:$C$6))} -> 0 | AP16: =AN16*AO16 -> 0
K17: 5 | L17: 5 | M17: =K17*L17 -> 25 | N17: {=PRODUCT(_xlfn.XLOOKUP(K17:L17,$B$3:$B$6,$C$3:$C$6))} -> 0.0324 | O17: =M17*N17 -> 0.81 | R17: 2 | S17: 5 | T17: 5 | U17: =PRODUCT(R17:T17) -> 50 | V17: {=PRODUCT(_xlfn.XLOOKUP(R17:T17,$B$3:$B$6,$C$3:$C$6))} -> 0.01944 | W17: =U17*V17 -> 0.972 | Z17: 2 | AA17: 2 | AB17: 5 | AC17: 5 | AD17: =PRODUCT(Z17:AC17) -> 100 | AE17: {=PRODUCT(_xlfn.XLOOKUP(Z17:AC17,$B$3:$B$6,$C$3:$C$6))} -> 0.011664 | AF17: =AD17*AE17 -> 1.1664 | AI17: 2 | AJ17: 2 | AK17: 2 | AL17: 5 | AM17: 5 | AN17: =PRODUCT(AI17:AM17) -> 200 | AO17: {=PRODUCT(_xlfn.XLOOKUP(AI17:AM17,$B$3:$B$6,$C$3:$C$6))} -> 0.0069984 | AP17: =AN17*AO17 -> 1.39968
R18: 3 | S18: 2 | T18: 2 | U18: =PRODUCT(R18:T18) -> 12 | V18: {=PRODUCT(_xlfn.XLOOKUP(R18:T18,$B$3:$B$6,$C$3:$C$6))} -> 0.0792 | W18: =U18*V18 -> 0.9504 | Z18: 2 | AA18: 3 | AB18: 2 | AC18: 2 | AD18: =PRODUCT(Z18:AC18) -> 24 | AE18: {=PRODUCT(_xlfn.XLOOKUP(Z18:AC18,$B$3:$B$6,$C$3:$C$6))} -> 0.04752 | AF18: =AD18*AE18 -> 1.14048 | AI18: 2 | AJ18: 2 | AK18: 3 | AL18: 2 | AM18: 2 | AN18: =PRODUCT(AI18:AM18) -> 48 | AO18: {=PRODUCT(_xlfn.XLOOKUP(AI18:AM18,$B$3:$B$6,$C$3:$C$6))} -> 0.028512 | AP18: =AN18*AO18 -> 1.368576
R19: 3 | S19: 2 | T19: 3 | U19: =PRODUCT(R19:T19) -> 18 | V19: {=PRODUCT(_xlfn.XLOOKUP(R19:T19,$B$3:$B$6,$C$3:$C$6))} -> 0.02904 | W19: =U19*V19 -> 0.52272 | Z19: 2 | AA19: 3 | AB19: 2 | AC19: 3 | AD19: =PRODUCT(Z19:AC19) -> 36 | AE19: {=PRODUCT(_xlfn.XLOOKUP(Z19:AC19,$B$3:$B$6,$C$3:$C$6))} -> 0.017424 | AF19: =AD19*AE19 -> 0.627264 | AI19: 2 | AJ19: 2 | AK19: 3 | AL19: 2 | AM19: 3 | AN19: =PRODUCT(AI19:AM19) -> 72 | AO19: {=PRODUCT(_xlfn.XLOOKUP(AI19:AM19,$B$3:$B$6,$C$3:$C$6))} -> 0.0104544 | AP19: =AN19*AO19 -> 0.7527168
R20: 3 | S20: 2 | T20: 4 | U20: =PRODUCT(R20:T20) -> 24 | V20: {=PRODUCT(_xlfn.XLOOKUP(R20:T20,$B$3:$B$6,$C$3:$C$6))} -> 0 | W20: =U20*V20 -> 0 | Z20: 2 | AA20: 3 | AB20: 2 | AC20: 4 | AD20: =PRODUCT(Z20:AC20) -> 48 | AE20: {=PRODUCT(_xlfn.XLOOKUP(Z20:AC20,$B$3:$B$6,$C$3:$C$6))} -> 0 | AF20: =AD20*AE20 -> 0 | AI20: 2 | AJ20: 2 | AK20: 3 | AL20: 2 | AM20: 4 | AN20: =PRODUCT(AI20:AM20) -> 96 | AO20: {=PRODUCT(_xlfn.XLOOKUP(AI20:AM20,$B$3:$B$6,$C$3:$C$6))} -> 0 | AP20: =AN20*AO20 -> 0
R21: 3 | S21: 2 | T21: 5 | U21: =PRODUCT(R21:T21) -> 30 | V21: {=PRODUCT(_xlfn.XLOOKUP(R21:T21,$B$3:$B$6,$C$3:$C$6))} -> 0.02376 | W21: =U21*V21 -> 0.7128 | Z21: 2 | AA21: 3 | AB21: 2 | AC21: 5 | AD21: =PRODUCT(Z21:AC21) -> 60 | AE21: {=PRODUCT(_xlfn.XLOOKUP(Z21:AC21,$B$3:$B$6,$C$3:$C$6))} -> 0.014256 | AF21: =AD21*AE21 -> 0.85536 | AI21: 2 | AJ21: 2 | AK21: 3 | AL21: 2 | AM21: 5 | AN21: =PRODUCT(AI21:AM21) -> 120 | AO21: {=PRODUCT(_xlfn.XLOOKUP(AI21:AM21,$B$3:$B$6,$C$3:$C$6))} -> 0.0085536 | AP21: =AN21*AO21 -> 1.026432
R22: 3 | S22: 3 | T22: 2 | U22: =PRODUCT(R22:T22) -> 18 | V22: {=PRODUCT(_xlfn.XLOOKUP(R22:T22,$B$3:$B$6,$C$3:$C$6))} -> 0.02904 | W22: =U22*V22 -> 0.52272 | Z22: 2 | AA22: 3 | AB22: 3 | AC22: 2 | AD22: =PRODUCT(Z22:AC22) -> 36 | AE22: {=PRODUCT(_xlfn.XLOOKUP(Z22:AC22,$B$3:$B$6,$C$3:$C$6))} -> 0.017424 | AF22: =AD22*AE22 -> 0.627264 | AI22: 2 | AJ22: 2 | AK22: 3 | AL22: 3 | AM22: 2 | AN22: =PRODUCT(AI22:AM22) -> 72 | AO22: {=PRODUCT(_xlfn.XLOOKUP(AI22:AM22,$B$3:$B$6,$C$3:$C$6))} -> 0.0104544 | AP22: =AN22*AO22 -> 0.7527168
R23: 3 | S23: 3 | T23: 3 | U23: =PRODUCT(R23:T23) -> 27 | V23: {=PRODUCT(_xlfn.XLOOKUP(R23:T23,$B$3:$B$6,$C$3:$C$6))} -> 0.010648 | W23: =U23*V23 -> 0.287496 | Z23: 2 | AA23: 3 | AB23: 3 | AC23: 3 | AD23: =PRODUCT(Z23:AC23) -> 54 | AE23: {=PRODUCT(_xlfn.XLOOKUP(Z23:AC23,$B$3:$B$6,$C$3:$C$6))} -> 0.0063888 | AF23: =AD23*AE23 -> 0.3449952 | AI23: 2 | AJ23: 2 | AK23: 3 | AL23: 3 | AM23: 3 | AN23: =PRODUCT(AI23:AM23) -> 108 | AO23: {=PRODUCT(_xlfn.XLOOKUP(AI23:AM23,$B$3:$B$6,$C$3:$C$6))} -> 0.00383328 | AP23: =AN23*AO23 -> 0.41399424
R24: 3 | S24: 3 | T24: 4 | U24: =PRODUCT(R24:T24) -> 36 | V24: {=PRODUCT(_xlfn.XLOOKUP(R24:T24,$B$3:$B$6,$C$3:$C$6))} -> 0 | W24: =U24*V24 -> 0 | Z24: 2 | AA24: 3 | AB24: 3 | AC24: 4 | AD24: =PRODUCT(Z24:AC24) -> 72 | AE24: {=PRODUCT(_xlfn.XLOOKUP(Z24:AC24,$B$3:$B$6,$C$3:$C$6))} -> 0 | AF24: =AD24*AE24 -> 0 | AI24: 2 | AJ24: 2 | AK24: 3 | AL24: 3 | AM24: 4 | AN24: =PRODUCT(AI24:AM24) -> 144 | AO24: {=PRODUCT(_xlfn.XLOOKUP(AI24:AM24,$B$3:$B$6,$C$3:$C$6))} -> 0 | AP24: =AN24*AO24 -> 0
R25: 3 | S25: 3 | T25: 5 | U25: =PRODUCT(R25:T25) -> 45 | V25: {=PRODUCT(_xlfn.XLOOKUP(R25:T25,$B$3:$B$6,$C$3:$C$6))} -> 0.008712 | W25: =U25*V25 -> 0.39204 | Z25: 2 | AA25: 3 | AB25: 3 | AC25: 5 | AD25: =PRODUCT(Z25:AC25) -> 90 | AE25: {=PRODUCT(_xlfn.XLOOKUP(Z25:AC25,$B$3:$B$6,$C$3:$C$6))} -> 0.0052272 | AF25: =AD25*AE25 -> 0.470448 | AI25: 2 | AJ25: 2 | AK25: 3 | AL25: 3 | AM25: 5 | AN25: =PRODUCT(AI25:AM25) -> 180 | AO25: {=PRODUCT(_xlfn.XLOOKUP(AI25:AM25,$B$3:$B$6,$C$3:$C$6))} -> 0.00313632 | AP25: =AN25*AO25 -> 0.5645376
R26: 3 | S26: 4 | T26: 2 | U26: =PRODUCT(R26:T26) -> 24 | V26: {=PRODUCT(_xlfn.XLOOKUP(R26:T26,$B$3:$B$6,$C$3:$C$6))} -> 0 | W26: =U26*V26 -> 0 | Z26: 2 | AA26: 3 | AB26: 4 | AC26: 2 | AD26: =PRODUCT(Z26:AC26) -> 48 | AE26: {=PRODUCT(_xlfn.XLOOKUP(Z26:AC26,$B$3:$B$6,$C$3:$C$6))} -> 0 | AF26: =AD26*AE26 -> 0 | AI26: 2 | AJ26: 2 | AK26: 3 | AL26: 4 | AM26: 2 | AN26: =PRODUCT(AI26:AM26) -> 96 | AO26: {=PRODUCT(_xlfn.XLOOKUP(AI26:AM26,$B$3:$B$6,$C$3:$C$6))} -> 0 | AP26: =AN26*AO26 -> 0
R27: 3 | S27: 4 | T27: 3 | U27: =PRODUCT(R27:T27) -> 36 | V27: {=PRODUCT(_xlfn.XLOOKUP(R27:T27,$B$3:$B$6,$C$3:$C$6))} -> 0 | W27: =U27*V27 -> 0 | Z27: 2 | AA27: 3 | AB27: 4 | AC27: 3 | AD27: =PRODUCT(Z27:AC27) -> 72 | AE27: {=PRODUCT(_xlfn.XLOOKUP(Z27:AC27,$B$3:$B$6,$C$3:$C$6))} -> 0 | AF27: =AD27*AE27 -> 0 | AI27: 2 | AJ27: 2 | AK27: 3 | AL27: 4 | AM27: 3 | AN27: =PRODUCT(AI27:AM27) -> 144 | AO27: {=PRODUCT(_xlfn.XLOOKUP(AI27:AM27,$B$3:$B$6,$C$3:$C$6))} -> 0 | AP27: =AN27*AO27 -> 0
R28: 3 | S28: 4 | T28: 4 | U28: =PRODUCT(R28:T28) -> 48 | V28: {=PRODUCT(_xlfn.XLOOKUP(R28:T28,$B$3:$B$6,$C$3:$C$6))} -> 0 | W28: =U28*V28 -> 0 | Z28: 2 | AA28: 3 | AB28: 4 | AC28: 4 | AD28: =PRODUCT(Z28:AC28) -> 96 | AE28: {=PRODUCT(_xlfn.XLOOKUP(Z28:AC28,$B$3:$B$6,$C$3:$C$6))} -> 0 | AF28: =AD28*AE28 -> 0 | AI28: 2 | AJ28: 2 | AK28: 3 | AL28: 4 | AM28: 4 | AN28: =PRODUCT(AI28:AM28) -> 192 | AO28: {=PRODUCT(_xlfn.XLOOKUP(AI28:AM28,$B$3:$B$6,$C$3:$C$6))} -> 0 | AP28: =AN28*AO28 -> 0
R29: 3 | S29: 4 | T29: 5 | U29: =PRODUCT(R29:T29) -> 60 | V29: {=PRODUCT(_xlfn.XLOOKUP(R29:T29,$B$3:$B$6,$C$3:$C$6))} -> 0 | W29: =U29*V29 -> 0 | Z29: 2 | AA29: 3 | AB29: 4 | AC29: 5 | AD29: =PRODUCT(Z29:AC29) -> 120 | AE29: {=PRODUCT(_xlfn.XLOOKUP(Z29:AC29,$B$3:$B$6,$C$3:$C$6))} -> 0 | AF29: =AD29*AE29 -> 0 | AI29: 2 | AJ29: 2 | AK29: 3 | AL29: 4 | AM29: 5 | AN29: =PRODUCT(AI29:AM29) -> 240 | AO29: {=PRODUCT(_xlfn.XLOOKUP(AI29:AM29,$B$3:$B$6,$C$3:$C$6))} -> 0 | AP29: =AN29*AO29 -> 0
... R65: 5 | S65: 5 | T65: 5 | U65: =PRODUCT(R65:T65) -> 125 | V65: {=PRODUCT(_xlfn.XLOOKUP(R65:T65,$B$3:$B$6,$C$3:$C$6))} -> 0.005832 | W65: =U65*V65 -> 0.729 | Z65: 2 | AA65: 5 | AB65: 5 | AC65: 5 | AD65: =PRODUCT(Z65:AC65) -> 250 | AE65: {=PRODUCT(_xlfn.XLOOKUP(Z65:AC65,$B$3:$B$6,$C$3:$C$6))} -> 0.0034992 | AF65: =AD65*AE65 -> 0.8748 | AI65: 2 | AJ65: 2 | AK65: 5 | AL65: 5 | AM65: 5 | AN65: =PRODUCT(AI65:AM65) -> 500 | AO65: {=PRODUCT(_xlfn.XLOOKUP(AI65:AM65,$B$3:$B$6,$C$3:$C$6))} -> 0.00209952 | AP65: =AN65*AO65 -> 1.04976
Z66: 3 | AA66: 2 | AB66: 2 | AC66: 2 | AD66: =PRODUCT(Z66:AC66) -> 24 | AE66: {=PRODUCT(_xlfn.XLOOKUP(Z66:AC66,$B$3:$B$6,$C$3:$C$6))} -> 0.04752 | AF66: =AD66*AE66 -> 1.14048 | AI66: 2 | AJ66: 3 | AK66: 2 | AL66: 2 | AM66: 2 | AN66: =PRODUCT(AI66:AM66) -> 48 | AO66: {=PRODUCT(_xlfn.XLOOKUP(AI66:AM66,$B$3:$B$6,$C$3:$C$6))} -> 0.028512 | AP66: =AN66*AO66 -> 1.368576
Z67: 3 | AA67: 2 | AB67: 2 | AC67: 3 | AD67: =PRODUCT(Z67:AC67) -> 36 | AE67: {=PRODUCT(_xlfn.XLOOKUP(Z67:AC67,$B$3:$B$6,$C$3:$C$6))} -> 0.017424 | AF67: =AD67*AE67 -> 0.627264 | AI67: 2 | AJ67: 3 | AK67: 2 | AL67: 2 | AM67: 3 | AN67: =PRODUCT(AI67:AM67) -> 72 | AO67: {=PRODUCT(_xlfn.XLOOKUP(AI67:AM67,$B$3:$B$6,$C$3:$C$6))} -> 0.0104544 | AP67: =AN67*AO67 -> 0.7527168
Z68: 3 | AA68: 2 | AB68: 2 | AC68: 4 | AD68: =PRODUCT(Z68:AC68) -> 48 | AE68: {=PRODUCT(_xlfn.XLOOKUP(Z68:AC68,$B$3:$B$6,$C$3:$C$6))} -> 0 | AF68: =AD68*AE68 -> 0 | AI68: 2 | AJ68: 3 | AK68: 2 | AL68: 2 | AM68: 4 | AN68: =PRODUCT(AI68:AM68) -> 96 | AO68: {=PRODUCT(_xlfn.XLOOKUP(AI68:AM68,$B$3:$B$6,$C$3:$C$6))} -> 0 | AP68: =AN68*AO68 -> 0
Z69: 3 | AA69: 2 | AB69: 2 | AC69: 5 | AD69: =PRODUCT(Z69:AC69) -> 60 | AE69: {=PRODUCT(_xlfn.XLOOKUP(Z69:AC69,$B$3:$B$6,$C$3:$C$6))} -> 0.014256 | AF69: =AD69*AE69 -> 0.85536 | AI69: 2 | AJ69: 3 | AK69: 2 | AL69: 2 | AM69: 5 | AN69: =PRODUCT(AI69:AM69) -> 120 | AO69: {=PRODUCT(_xlfn.XLOOKUP(AI69:AM69,$B$3:$B$6,$C$3:$C$6))} -> 0.0085536 | AP69: =AN69*AO69 -> 1.026432
Z70: 3 | AA70: 2 | AB70: 3 | AC70: 2 | AD70: =PRODUCT(Z70:AC70) -> 36 | AE70: {=PRODUCT(_xlfn.XLOOKUP(Z70:AC70,$B$3:$B$6,$C$3:$C$6))} -> 0.017424 | AF70: =AD70*AE70 -> 0.627264 | AI70: 2 | AJ70: 3 | AK70: 2 | AL70: 3 | AM70: 2 | AN70: =PRODUCT(AI70:AM70) -> 72 | AO70: {=PRODUCT(_xlfn.XLOOKUP(AI70:AM70,$B$3:$B$6,$C$3:$C$6))} -> 0.0104544 | AP70: =AN70*AO70 -> 0.7527168
Z71: 3 | AA71: 2 | AB71: 3 | AC71: 3 | AD71: =PRODUCT(Z71:AC71) -> 54 | AE71: {=PRODUCT(_xlfn.XLOOKUP(Z71:AC71,$B$3:$B$6,$C$3:$C$6))} -> 0.0063888 | AF71: =AD71*AE71 -> 0.3449952 | AI71: 2 | AJ71: 3 | AK71: 2 | AL71: 3 | AM71: 3 | AN71: =PRODUCT(AI71:AM71) -> 108 | AO71: {=PRODUCT(_xlfn.XLOOKUP(AI71:AM71,$B$3:$B$6,$C$3:$C$6))} -> 0.00383328 | AP71: =AN71*AO71 -> 0.41399424
Z72: 3 | AA72: 2 | AB72: 3 | AC72: 4 | AD72: =PRODUCT(Z72:AC72) -> 72 | AE72: {=PRODUCT(_xlfn.XLOOKUP(Z72:AC72,$B$3:$B$6,$C$3:$C$6))} -> 0 | AF72: =AD72*AE72 -> 0 | AI72: 2 | AJ72: 3 | AK72: 2 | AL72: 3 | AM72: 4 | AN72: =PRODUCT(AI72:AM72) -> 144 | AO72: {=PRODUCT(_xlfn.XLOOKUP(AI72:AM72,$B$3:$B$6,$C$3:$C$6))} -> 0 | AP72: =AN72*AO72 -> 0
Z73: 3 | AA73: 2 | AB73: 3 | AC73: 5 | AD73: =PRODUCT(Z73:AC73) -> 90 | AE73: {=PRODUCT(_xlfn.XLOOKUP(Z73:AC73,$B$3:$B$6,$C$3:$C$6))} -> 0.0052272 | AF73: =AD73*AE73 -> 0.470448 | AI73: 2 | AJ73: 3 | AK73: 2 | AL73: 3 | AM73: 5 | AN73: =PRODUCT(AI73:AM73) -> 180 | AO73: {=PRODUCT(_xlfn.XLOOKUP(AI73:AM73,$B$3:$B$6,$C$3:$C$6))} -> 0.00313632 | AP73: =AN73*AO73 -> 0.5645376
Z74: 3 | AA74: 2 | AB74: 4 | AC74: 2 | AD74: =PRODUCT(Z74:AC74) -> 48 | AE74: {=PRODUCT(_xlfn.XLOOKUP(Z74:AC74,$B$3:$B$6,$C$3:$C$6))} -> 0 | AF74: =AD74*AE74 -> 0 | AI74: 2 | AJ74: 3 | AK74: 2 | AL74: 4 | AM74: 2 | AN74: =PRODUCT(AI74:AM74) -> 96 | AO74: {=PRODUCT(_xlfn.XLOOKUP(AI74:AM74,$B$3:$B$6,$C$3:$C$6))} -> 0 | AP74: =AN74*AO74 -> 0
Z75: 3 | AA75: 2 | AB75: 4 | AC75: 3 | AD75: =PRODUCT(Z75:AC75) -> 72 | AE75: {=PRODUCT(_xlfn.XLOOKUP(Z75:AC75,$B$3:$B$6,$C$3:$C$6))} -> 0 | AF75: =AD75*AE75 -> 0 | AI75: 2 | AJ75: 3 | AK75: 2 | AL75: 4 | AM75: 3 | AN75: =PRODUCT(AI75:AM75) -> 144 | AO75: {=PRODUCT(_xlfn.XLOOKUP(AI75:AM75,$B$3:$B$6,$C$3:$C$6))} -> 0 | AP75: =AN75*AO75 -> 0
Z76: 3 | AA76: 2 | AB76: 4 | AC76: 4 | AD76: =PRODUCT(Z76:AC76) -> 96 | AE76: {=PRODUCT(_xlfn.XLOOKUP(Z76:AC76,$B$3:$B$6,$C$3:$C$6))} -> 0 | AF76: =AD76*AE76 -> 0 | AI76: 2 | AJ76: 3 | AK76: 2 | AL76: 4 | AM76: 4 | AN76: =PRODUCT(AI76:AM76) -> 192 | AO76: {=PRODUCT(_xlfn.XLOOKUP(AI76:AM76,$B$3:$B$6,$C$3:$C$6))} -> 0 | AP76: =AN76*AO76 -> 0
Z77: 3 | AA77: 2 | AB77: 4 | AC77: 5 | AD77: =PRODUCT(Z77:AC77) -> 120 | AE77: {=PRODUCT(_xlfn.XLOOKUP(Z77:AC77,$B$3:$B$6,$C$3:$C$6))} -> 0 | AF77: =AD77*AE77 -> 0 | AI77: 2 | AJ77: 3 | AK77: 2 | AL77: 4 | AM77: 5 | AN77: =PRODUCT(AI77:AM77) -> 240 | AO77: {=PRODUCT(_xlfn.XLOOKUP(AI77:AM77,$B$3:$B$6,$C$3:$C$6))} -> 0 | AP77: =AN77*AO77 -> 0
... Z257: 5 | AA257: 5 | AB257: 5 | AC257: 5 | AD257: =PRODUCT(Z257:AC257) -> 625 | AE257: {=PRODUCT(_xlfn.XLOOKUP(Z257:AC257,$B$3:$B$6,$C$3:$C$6))} -> 0.00104976 | AF257: =AD257*AE257 -> 0.6561 | AI257: 2 | AJ257: 5 | AK257: 5 | AL257: 5 | AM257: 5 | AN257: =PRODUCT(AI257:AM257) -> 1250 | AO257: {=PRODUCT(_xlfn.XLOOKUP(AI257:AM257,$B$3:$B$6,$C$3:$C$6))} -> 0.000629856 | AP257: =AN257*AO257 -> 0.78732
AI258: 3 | AJ258: 2 | AK258: 2 | AL258: 2 | AM258: 2 | AN258: =PRODUCT(AI258:AM258) -> 48 | AO258: {=PRODUCT(_xlfn.XLOOKUP(AI258:AM258,$B$3:$B$6,$C$3:$C$6))} -> 0.028512 | AP258: =AN258*AO258 -> 1.368576
AI259: 3 | AJ259: 2 | AK259: 2 | AL259: 2 | AM259: 3 | AN259: =PRODUCT(AI259:AM259) -> 72 | AO259: {=PRODUCT(_xlfn.XLOOKUP(AI259:AM259,$B$3:$B$6,$C$3:$C$6))} -> 0.0104544 | AP259: =AN259*AO259 -> 0.7527168
AI260: 3 | AJ260: 2 | AK260: 2 | AL260: 2 | AM260: 4 | AN260: =PRODUCT(AI260:AM260) -> 96 | AO260: {=PRODUCT(_xlfn.XLOOKUP(AI260:AM260,$B$3:$B$6,$C$3:$C$6))} -> 0 | AP260: =AN260*AO260 -> 0
AI261: 3 | AJ261: 2 | AK261: 2 | AL261: 2 | AM261: 5 | AN261: =PRODUCT(AI261:AM261) -> 120 | AO261: {=PRODUCT(_xlfn.XLOOKUP(AI261:AM261,$B$3:$B$6,$C$3:$C$6))} -> 0.0085536 | AP261: =AN261*AO261 -> 1.026432
AI262: 3 | AJ262: 2 | AK262: 2 | AL262: 3 | AM262: 2 | AN262: =PRODUCT(AI262:AM262) -> 72 | AO262: {=PRODUCT(_xlfn.XLOOKUP(AI262:AM262,$B$3:$B$6,$C$3:$C$6))} -> 0.0104544 | AP262: =AN262*AO262 -> 0.7527168
AI263: 3 | AJ263: 2 | AK263: 2 | AL263: 3 | AM263: 3 | AN263: =PRODUCT(AI263:AM263) -> 108 | AO263: {=PRODUCT(_xlfn.XLOOKUP(AI263:AM263,$B$3:$B$6,$C$3:$C$6))} -> 0.00383328 | AP263: =AN263*AO263 -> 0.41399424
AI264: 3 | AJ264: 2 | AK264: 2 | AL264: 3 | AM264: 4 | AN264: =PRODUCT(AI264:AM264) -> 144 | AO264: {=PRODUCT(_xlfn.XLOOKUP(AI264:AM264,$B$3:$B$6,$C$3:$C$6))} -> 0 | AP264: =AN264*AO264 -> 0
AI265: 3 | AJ265: 2 | AK265: 2 | AL265: 3 | AM265: 5 | AN265: =PRODUCT(AI265:AM265) -> 180 | AO265: {=PRODUCT(_xlfn.XLOOKUP(AI265:AM265,$B$3:$B$6,$C$3:$C$6))} -> 0.00313632 | AP265: =AN265*AO265 -> 0.5645376
AI266: 3 | AJ266: 2 | AK266: 2 | AL266: 4 | AM266: 2 | AN266: =PRODUCT(AI266:AM266) -> 96 | AO266: {=PRODUCT(_xlfn.XLOOKUP(AI266:AM266,$B$3:$B$6,$C$3:$C$6))} -> 0 | AP266: =AN266*AO266 -> 0
AI267: 3 | AJ267: 2 | AK267: 2 | AL267: 4 | AM267: 3 | AN267: =PRODUCT(AI267:AM267) -> 144 | AO267: {=PRODUCT(_xlfn.XLOOKUP(AI267:AM267,$B$3:$B$6,$C$3:$C$6))} -> 0 | AP267: =AN267*AO267 -> 0
AI268: 3 | AJ268: 2 | AK268: 2 | AL268: 4 | AM268: 4 | AN268: =PRODUCT(AI268:AM268) -> 192 | AO268: {=PRODUCT(_xlfn.XLOOKUP(AI268:AM268,$B$3:$B$6,$C$3:$C$6))} -> 0 | AP268: =AN268*AO268 -> 0
AI269: 3 | AJ269: 2 | AK269: 2 | AL269: 4 | AM269: 5 | AN269: =PRODUCT(AI269:AM269) -> 240 | AO269: {=PRODUCT(_xlfn.XLOOKUP(AI269:AM269,$B$3:$B$6,$C$3:$C$6))} -> 0 | AP269: =AN269*AO269 -> 0
... AI1025: 5 | AJ1025: 5 | AK1025: 5 | AL1025: 5 | AM1025: 5 | AN1025: =PRODUCT(AI1025:AM1025) -> 3125 | AO1025: {=PRODUCT(_xlfn.XLOOKUP(AI1025:AM1025,$B$3:$B$6,$C$3:$C$6))} -> 0.0001889568 | AP1025: =AN1025*AO1025 -> 0.59049
